-- MySQL dump 10.13  Distrib 5.7.18, for linux-glibc2.5 (x86_64)
--
-- Host: localhost    Database: demo
-- ------------------------------------------------------
-- Server version	5.7.18

/*!40101 SET @OLD_CHARACTER_SET_CLIENT=@@CHARACTER_SET_CLIENT */;
/*!40101 SET @OLD_CHARACTER_SET_RESULTS=@@CHARACTER_SET_RESULTS */;
/*!40101 SET @OLD_COLLATION_CONNECTION=@@COLLATION_CONNECTION */;
/*!40101 SET NAMES utf8 */;
/*!40103 SET @OLD_TIME_ZONE=@@TIME_ZONE */;
/*!40103 SET TIME_ZONE='+00:00' */;
/*!40014 SET @OLD_UNIQUE_CHECKS=@@UNIQUE_CHECKS, UNIQUE_CHECKS=0 */;
/*!40014 SET @OLD_FOREIGN_KEY_CHECKS=@@FOREIGN_KEY_CHECKS, FOREIGN_KEY_CHECKS=0 */;
/*!40101 SET @OLD_SQL_MODE=@@SQL_MODE, SQL_MODE='NO_AUTO_VALUE_ON_ZERO' */;
/*!40111 SET @OLD_SQL_NOTES=@@SQL_NOTES, SQL_NOTES=0 */;

--
-- Table structure for table `gen_scheme`
--

DROP TABLE IF EXISTS `gen_scheme`;
/*!40101 SET @saved_cs_client     = @@character_set_client */;
/*!40101 SET character_set_client = utf8 */;
CREATE TABLE `gen_scheme` (
  `id` varchar(64) COLLATE utf8_bin NOT NULL COMMENT '编号',
  `name` varchar(200) COLLATE utf8_bin DEFAULT NULL COMMENT '名称',
  `category` varchar(2000) COLLATE utf8_bin DEFAULT NULL COMMENT '分类',
  `package_name` varchar(500) COLLATE utf8_bin DEFAULT NULL COMMENT '生成包路径',
  `module_name` varchar(30) COLLATE utf8_bin DEFAULT NULL COMMENT '生成模块名',
  `sub_module_name` varchar(30) COLLATE utf8_bin DEFAULT NULL COMMENT '生成子模块名',
  `function_name` varchar(500) COLLATE utf8_bin DEFAULT NULL COMMENT '生成功能名',
  `function_name_simple` varchar(100) COLLATE utf8_bin DEFAULT NULL COMMENT '生成功能名（简写）',
  `function_author` varchar(100) COLLATE utf8_bin DEFAULT NULL COMMENT '生成功能作者',
  `gen_table_id` varchar(200) COLLATE utf8_bin DEFAULT NULL COMMENT '生成表编号',
  `create_by` varchar(64) COLLATE utf8_bin DEFAULT NULL COMMENT '创建者',
  `create_date` datetime DEFAULT NULL COMMENT '创建时间',
  `update_by` varchar(64) COLLATE utf8_bin DEFAULT NULL COMMENT '更新者',
  `update_date` datetime DEFAULT NULL COMMENT '更新时间',
  `remarks` varchar(255) COLLATE utf8_bin DEFAULT NULL COMMENT '备注信息',
  `del_flag` char(1) COLLATE utf8_bin NOT NULL DEFAULT '0' COMMENT '删除标记（0：正常；1：删除）',
  PRIMARY KEY (`id`),
  KEY `gen_scheme_del_flag` (`del_flag`)
) ENGINE=InnoDB DEFAULT CHARSET=utf8 COLLATE=utf8_bin COMMENT='生成方案';
/*!40101 SET character_set_client = @saved_cs_client */;



--
-- Table structure for table `gen_table`
--

DROP TABLE IF EXISTS `gen_table`;
/*!40101 SET @saved_cs_client     = @@character_set_client */;
/*!40101 SET character_set_client = utf8 */;
CREATE TABLE `gen_table` (
  `id` bigint(20) NOT NULL COMMENT '编号',
  `name` varchar(200) COLLATE utf8_bin DEFAULT NULL COMMENT '名称',
  `comments` varchar(500) COLLATE utf8_bin DEFAULT NULL COMMENT '描述',
  `class_name` varchar(100) COLLATE utf8_bin DEFAULT NULL COMMENT '实体类名称',
  `parent_table` varchar(200) COLLATE utf8_bin DEFAULT NULL COMMENT '关联父表',
  `parent_table_fk` varchar(100) COLLATE utf8_bin DEFAULT NULL COMMENT '关联父表外键',
  `create_by` varchar(64) COLLATE utf8_bin DEFAULT NULL COMMENT '创建者',
  `create_date` datetime DEFAULT NULL COMMENT '创建时间',
  `update_by` varchar(64) COLLATE utf8_bin DEFAULT NULL COMMENT '更新者',
  `update_date` datetime DEFAULT NULL COMMENT '更新时间',
  `remarks` varchar(255) COLLATE utf8_bin DEFAULT NULL COMMENT '备注信息',
  `del_flag` char(1) COLLATE utf8_bin NOT NULL DEFAULT '0' COMMENT '删除标记（0：正常；1：删除）',
  PRIMARY KEY (`id`),
  KEY `gen_table_name` (`name`),
  KEY `gen_table_del_flag` (`del_flag`)
) ENGINE=InnoDB DEFAULT CHARSET=utf8 COLLATE=utf8_bin COMMENT='业务表';
/*!40101 SET character_set_client = @saved_cs_client */;


--
-- Table structure for table `gen_table_column`
--

DROP TABLE IF EXISTS `gen_table_column`;
/*!40101 SET @saved_cs_client     = @@character_set_client */;
/*!40101 SET character_set_client = utf8 */;
CREATE TABLE `gen_table_column` (
  `id` bigint(20) NOT NULL COMMENT '编号',
  `gen_table_id` varchar(64) COLLATE utf8_bin DEFAULT NULL COMMENT '归属表编号',
  `name` varchar(200) COLLATE utf8_bin DEFAULT NULL COMMENT '名称',
  `comments` varchar(500) COLLATE utf8_bin DEFAULT NULL COMMENT '描述',
  `jdbc_type` varchar(100) COLLATE utf8_bin DEFAULT NULL COMMENT '列的数据类型的字节长度',
  `java_type` varchar(500) COLLATE utf8_bin DEFAULT NULL COMMENT 'JAVA类型',
  `java_field` varchar(200) COLLATE utf8_bin DEFAULT NULL COMMENT 'JAVA字段名',
  `is_pk` char(1) COLLATE utf8_bin DEFAULT NULL COMMENT '是否主键',
  `is_null` char(1) COLLATE utf8_bin DEFAULT NULL COMMENT '是否可为空',
  `is_insert` char(1) COLLATE utf8_bin DEFAULT NULL COMMENT '是否为插入字段',
  `is_edit` char(1) COLLATE utf8_bin DEFAULT NULL COMMENT '是否编辑字段',
  `is_list` char(1) COLLATE utf8_bin DEFAULT NULL COMMENT '是否列表字段',
  `is_query` char(1) COLLATE utf8_bin DEFAULT NULL COMMENT '是否查询字段',
  `query_type` varchar(200) COLLATE utf8_bin DEFAULT NULL COMMENT '查询方式（等于、不等于、大于、小于、范围、左LIKE、右LIKE、左右LIKE）',
  `show_type` varchar(200) COLLATE utf8_bin DEFAULT NULL COMMENT '字段生成方案（文本框、文本域、下拉框、复选框、单选框、字典选择、人员选择、部门选择、区域选择）',
  `dict_type` varchar(200) COLLATE utf8_bin DEFAULT NULL COMMENT '字典类型',
  `settings` varchar(2000) COLLATE utf8_bin DEFAULT NULL COMMENT '其它设置（扩展字段JSON）',
  `sort` decimal(10,0) DEFAULT NULL COMMENT '排序（升序）',
  `create_by` varchar(64) COLLATE utf8_bin DEFAULT NULL COMMENT '创建者',
  `create_date` datetime DEFAULT NULL COMMENT '创建时间',
  `update_by` varchar(64) COLLATE utf8_bin DEFAULT NULL COMMENT '更新者',
  `update_date` datetime DEFAULT NULL COMMENT '更新时间',
  `remarks` varchar(255) COLLATE utf8_bin DEFAULT NULL COMMENT '备注信息',
  `del_flag` char(1) COLLATE utf8_bin NOT NULL DEFAULT '0' COMMENT '删除标记（0：正常；1：删除）',
  PRIMARY KEY (`id`),
  KEY `gen_table_column_table_id` (`gen_table_id`),
  KEY `gen_table_column_name` (`name`),
  KEY `gen_table_column_sort` (`sort`),
  KEY `gen_table_column_del_flag` (`del_flag`)
) ENGINE=InnoDB DEFAULT CHARSET=utf8 COLLATE=utf8_bin COMMENT='业务表字段';
/*!40101 SET character_set_client = @saved_cs_client */;


--
-- Table structure for table `gen_template`
--

DROP TABLE IF EXISTS `gen_template`;
/*!40101 SET @saved_cs_client     = @@character_set_client */;
/*!40101 SET character_set_client = utf8 */;
CREATE TABLE `gen_template` (
  `id` bigint(20) NOT NULL COMMENT '编号',
  `name` varchar(200) COLLATE utf8_bin DEFAULT NULL COMMENT '名称',
  `category` varchar(2000) COLLATE utf8_bin DEFAULT NULL COMMENT '分类',
  `file_path` varchar(500) COLLATE utf8_bin DEFAULT NULL COMMENT '生成文件路径',
  `file_name` varchar(200) COLLATE utf8_bin DEFAULT NULL COMMENT '生成文件名',
  `content` text COLLATE utf8_bin COMMENT '内容',
  `create_by` varchar(64) COLLATE utf8_bin DEFAULT NULL COMMENT '创建者',
  `create_date` datetime DEFAULT NULL COMMENT '创建时间',
  `update_by` varchar(64) COLLATE utf8_bin DEFAULT NULL COMMENT '更新者',
  `update_date` datetime DEFAULT NULL COMMENT '更新时间',
  `remarks` varchar(255) COLLATE utf8_bin DEFAULT NULL COMMENT '备注信息',
  `del_flag` char(1) COLLATE utf8_bin NOT NULL DEFAULT '0' COMMENT '删除标记（0：正常；1：删除）',
  PRIMARY KEY (`id`),
  KEY `gen_template_del_falg` (`del_flag`)
) ENGINE=InnoDB DEFAULT CHARSET=utf8 COLLATE=utf8_bin COMMENT='代码模板表';
/*!40101 SET character_set_client = @saved_cs_client */;

--
-- Dumping data for table `gen_template`
--

LOCK TABLES `gen_template` WRITE;
/*!40000 ALTER TABLE `gen_template` DISABLE KEYS */;
/*!40000 ALTER TABLE `gen_template` ENABLE KEYS */;
UNLOCK TABLES;

--
-- Table structure for table `sys_area`
--

DROP TABLE IF EXISTS `sys_area`;
/*!40101 SET @saved_cs_client     = @@character_set_client */;
/*!40101 SET character_set_client = utf8 */;
CREATE TABLE `sys_area` (
  `id` bigint(20) NOT NULL,
  `parent_id` bigint(20) DEFAULT NULL,
  `parent_ids` varchar(2000) COLLATE utf8_bin NOT NULL COMMENT '所有父级编号',
  `name` varchar(100) COLLATE utf8_bin NOT NULL COMMENT '名称',
  `sort` decimal(10,0) NOT NULL COMMENT '排序',
  `code` varchar(100) COLLATE utf8_bin DEFAULT NULL COMMENT '区域编码',
  `type` char(1) COLLATE utf8_bin DEFAULT NULL COMMENT '区域类型',
  `create_by` varchar(64) COLLATE utf8_bin NOT NULL COMMENT '创建者',
  `create_date` datetime NOT NULL COMMENT '创建时间',
  `update_by` varchar(64) COLLATE utf8_bin NOT NULL COMMENT '更新者',
  `update_date` datetime NOT NULL COMMENT '更新时间',
  `remarks` varchar(255) COLLATE utf8_bin DEFAULT NULL COMMENT '备注信息',
  `del_flag` char(1) COLLATE utf8_bin NOT NULL DEFAULT '0' COMMENT '删除标记',
  PRIMARY KEY (`id`),
  KEY `sys_area_parent_id` (`parent_id`),
  KEY `sys_area_del_flag` (`del_flag`)
) ENGINE=InnoDB DEFAULT CHARSET=utf8 COLLATE=utf8_bin COMMENT='区域表';
/*!40101 SET character_set_client = @saved_cs_client */;

--
-- Dumping data for table `sys_area`
--

LOCK TABLES `sys_area` WRITE;
/*!40000 ALTER TABLE `sys_area` DISABLE KEYS */;
INSERT INTO `sys_area` VALUES (1,0,'0,','中国',10,'100000','1','1','2013-05-27 08:00:00','1','2013-05-27 08:00:00',NULL,'0'),(2,1,'0,1,','北京',20,'8888','2','1','2013-05-27 08:00:00','1','2017-08-08 19:20:33','','0'),(3,3,'0,1,2,3,3,','北京市',30,'100001','3','1','2013-05-27 08:00:00','1','2017-06-20 19:44:59','','0'),(4,3,'0,1,2,3,3,','朝阳区',40,'100002','4','1','2013-05-27 08:00:00','1','2017-06-01 19:21:53','','0'),(5,3,'0,1,2,3,3,','西城区',50,'100003','4','1','2013-05-27 08:00:00','1','2017-06-01 19:22:04','','0'),(6,3,'0,1,2,3,3,','东城区',60,'100003','4','1','2013-05-27 08:00:00','1','2017-06-01 19:22:11','','0'),(8,6,'0,1,2,3,4,6','密云县',70,'10000000',NULL,'1','2017-06-21 11:02:32','1','2017-06-21 11:02:42',NULL,'0'),(394703399045566464,2,'0,1,2,','海淀区',30,'','1','1','2017-06-20 19:45:18','1','2017-06-20 19:45:18','','0'),(394703495481004032,2,'0,1,2,','朝阳区',30,'1000000','1','1','2017-06-20 19:45:41','1','2017-06-20 19:45:41','','0'),(405436972463558656,1,'0,1,','上海',30,'10002','2','1','2017-07-20 10:36:42','1','2017-08-08 19:19:10','','0'),(405437141661782016,1,'0,1,','山东省',30,'10005','2','1','2017-07-20 10:37:22','1','2017-07-31 10:24:06','','1'),(406878910484058112,2,'0,1,2,','顺义',30,'101300','4','1','2017-07-24 10:06:26','1','2017-07-24 10:06:26','','0'),(406879382611693568,2,'0,1,2,','顺义区',30,'101300','4','1','2017-07-24 10:08:19','1','2017-07-24 10:08:19','','0'),(408326576413872128,1,'0,1,','山东',30,'','2','1','2017-07-28 09:58:57','1','2017-08-08 19:17:42','','0'),(408326667828727808,1,'0,1,','青岛',30,'','3','1','2017-07-28 09:59:19','1','2017-07-31 10:23:15','','0'),(408326750376824832,408326576413872128,'0,1,408326576413872128,','烟台',30,'','2','1','2017-07-28 09:59:38','1','2017-08-08 19:17:56','','0'),(412453566507126784,408326576413872128,'0,1,408326576413872128,','菏泽',30,'','2','1','2017-08-08 19:18:08','1','2017-08-08 19:18:08','','0'),(412453613428805632,412453566507126784,'0,1,408326576413872128,412453566507126784,','曹县',30,'','4','1','2017-08-08 19:18:19','1','2017-08-08 19:18:19','','0'),(412453712628289536,408326667828727808,'0,1,408326667828727808,','崂山区',30,'','3','1','2017-08-08 19:18:43','1','2017-08-08 19:18:43','','0'),(412453955499462656,405436972463558656,'0,1,405436972463558656,','浦东新区',30,'','3','1','2017-08-08 19:19:41','1','2017-08-08 19:19:41','','0');
/*!40000 ALTER TABLE `sys_area` ENABLE KEYS */;
UNLOCK TABLES;

--
-- Table structure for table `sys_dict`
--

DROP TABLE IF EXISTS `sys_dict`;
/*!40101 SET @saved_cs_client     = @@character_set_client */;
/*!40101 SET character_set_client = utf8 */;
CREATE TABLE `sys_dict` (
  `id` bigint(20) NOT NULL,
  `value` varchar(100) COLLATE utf8_bin NOT NULL COMMENT '数据值',
  `label` varchar(100) COLLATE utf8_bin NOT NULL COMMENT '标签名',
  `type` varchar(100) COLLATE utf8_bin NOT NULL COMMENT '类型',
  `description` varchar(100) COLLATE utf8_bin NOT NULL COMMENT '描述',
  `sort` decimal(10,0) NOT NULL COMMENT '排序（升序）',
  `parent_id` bigint(20) DEFAULT NULL,
  `create_by` varchar(64) COLLATE utf8_bin NOT NULL COMMENT '创建者',
  `create_date` datetime NOT NULL COMMENT '创建时间',
  `update_by` varchar(64) COLLATE utf8_bin NOT NULL COMMENT '更新者',
  `update_date` datetime NOT NULL COMMENT '更新时间',
  `remarks` varchar(255) COLLATE utf8_bin DEFAULT NULL COMMENT '备注信息',
  `del_flag` char(1) COLLATE utf8_bin NOT NULL DEFAULT '0' COMMENT '删除标记',
  PRIMARY KEY (`id`),
  KEY `sys_dict_value` (`value`),
  KEY `sys_dict_label` (`label`),
  KEY `sys_dict_del_flag` (`del_flag`)
) ENGINE=InnoDB DEFAULT CHARSET=utf8 COLLATE=utf8_bin COMMENT='字典表';
/*!40101 SET character_set_client = @saved_cs_client */;

--
-- Dumping data for table `sys_dict`
--

LOCK TABLES `sys_dict` WRITE;
/*!40000 ALTER TABLE `sys_dict` DISABLE KEYS */;
INSERT INTO `sys_dict` VALUES (1,'0','正常','del_flag','删除标记',10,0,'1','2013-05-27 08:00:00','1','2013-05-27 08:00:00',NULL,'0'),(2,'1','删除','del_flag','删除标记',20,0,'1','2013-05-27 08:00:00','1','2013-05-27 08:00:00',NULL,'0'),(3,'0','隐藏','show_hide','显示/隐藏',10,0,'1','2013-05-27 08:00:00','1','2017-07-25 16:53:25','','0'),(4,'1','显示','show_hide','显示/隐藏',20,0,'1','2013-05-27 08:00:00','1','2017-07-25 16:53:30','','0'),(5,'1','是','yes_no','是/否',10,0,'1','2013-05-27 08:00:00','1','2013-05-27 08:00:00',NULL,'0'),(6,'0','否','yes_no','是/否',20,0,'1','2013-05-27 08:00:00','1','2013-05-27 08:00:00',NULL,'0'),(7,'red','红色','color','颜色值',10,0,'1','2013-05-27 08:00:00','1','2013-05-27 08:00:00',NULL,'0'),(8,'green','绿色','color','颜色值',20,0,'1','2013-05-27 08:00:00','1','2013-05-27 08:00:00',NULL,'0'),(9,'blue','蓝色','color','颜色值',30,0,'1','2013-05-27 08:00:00','1','2013-05-27 08:00:00',NULL,'0'),(10,'yellow','黄色','color','颜色值',40,0,'1','2013-05-27 08:00:00','1','2013-05-27 08:00:00',NULL,'0'),(11,'orange','橙色','color','颜色值',50,0,'1','2013-05-27 08:00:00','1','2013-05-27 08:00:00',NULL,'0'),(12,'default','默认主题','theme','主题方案',10,0,'1','2013-05-27 08:00:00','1','2013-05-27 08:00:00',NULL,'0'),(13,'cerulean','天蓝主题','theme','主题方案',20,0,'1','2013-05-27 08:00:00','1','2013-05-27 08:00:00',NULL,'0'),(14,'readable','橙色主题','theme','主题方案',30,0,'1','2013-05-27 08:00:00','1','2013-05-27 08:00:00',NULL,'0'),(15,'united','红色主题','theme','主题方案',40,0,'1','2013-05-27 08:00:00','1','2013-05-27 08:00:00',NULL,'0'),(16,'flat','Flat主题','theme','主题方案',60,0,'1','2013-05-27 08:00:00','1','2013-05-27 08:00:00',NULL,'0'),(17,'1','国家','sys_area_type','区域类型',10,0,'1','2013-05-27 08:00:00','1','2013-05-27 08:00:00',NULL,'0'),(18,'2','省份、直辖市','sys_area_type','区域类型',20,0,'1','2013-05-27 08:00:00','1','2013-05-27 08:00:00',NULL,'0'),(19,'3','地市','sys_area_type','区域类型',30,0,'1','2013-05-27 08:00:00','1','2013-05-27 08:00:00',NULL,'0'),(20,'4','区县','sys_area_type','区域类型',40,0,'1','2013-05-27 08:00:00','1','2013-05-27 08:00:00',NULL,'0'),(21,'1','公司','sys_office_type','机构类型',60,0,'1','2013-05-27 08:00:00','1','2013-05-27 08:00:00',NULL,'0'),(22,'2','部门','sys_office_type','机构类型',70,0,'1','2013-05-27 08:00:00','1','2013-05-27 08:00:00',NULL,'0'),(23,'3','小组','sys_office_type','机构类型',80,0,'1','2013-05-27 08:00:00','1','2013-05-27 08:00:00',NULL,'0'),(24,'4','其它','sys_office_type','机构类型',90,0,'1','2013-05-27 08:00:00','1','2013-05-27 08:00:00',NULL,'0'),(25,'1','综合部','sys_office_common','快捷通用部门',30,0,'1','2013-05-27 08:00:00','1','2013-05-27 08:00:00',NULL,'0'),(26,'2','开发部','sys_office_common','快捷通用部门',40,0,'1','2013-05-27 08:00:00','1','2013-05-27 08:00:00',NULL,'0'),(27,'3','人力部','sys_office_common','快捷通用部门',50,0,'1','2013-05-27 08:00:00','1','2013-05-27 08:00:00',NULL,'0'),(28,'1','一级','sys_office_grade','机构等级',10,0,'1','2013-05-27 08:00:00','1','2013-05-27 08:00:00',NULL,'0'),(29,'2','二级','sys_office_grade','机构等级',20,0,'1','2013-05-27 08:00:00','1','2013-05-27 08:00:00',NULL,'0'),(30,'3','三级','sys_office_grade','机构等级',30,0,'1','2013-05-27 08:00:00','1','2013-05-27 08:00:00',NULL,'0'),(31,'4','四级','sys_office_grade','机构等级',40,0,'1','2013-05-27 08:00:00','1','2013-05-27 08:00:00',NULL,'0'),(32,'1','所有数据','sys_data_scope','数据范围',10,0,'1','2013-05-27 08:00:00','1','2013-05-27 08:00:00',NULL,'0'),(33,'2','所在公司及以下数据','sys_data_scope','数据范围',20,0,'1','2013-05-27 08:00:00','1','2013-05-27 08:00:00',NULL,'0'),(34,'3','所在公司数据','sys_data_scope','数据范围',30,0,'1','2013-05-27 08:00:00','1','2013-05-27 08:00:00',NULL,'0'),(35,'4','所在部门及以下数据','sys_data_scope','数据范围',40,0,'1','2013-05-27 08:00:00','1','2013-05-27 08:00:00',NULL,'0'),(36,'5','所在部门数据','sys_data_scope','数据范围',50,0,'1','2013-05-27 08:00:00','1','2013-05-27 08:00:00',NULL,'0'),(37,'8','仅本人数据','sys_data_scope','数据范围',90,0,'1','2013-05-27 08:00:00','1','2013-05-27 08:00:00',NULL,'0'),(38,'9','按明细设置','sys_data_scope','数据范围',100,0,'1','2013-05-27 08:00:00','1','2013-05-27 08:00:00',NULL,'0'),(39,'1','系统管理','sys_user_type','用户类型',10,0,'1','2013-05-27 08:00:00','1','2013-05-27 08:00:00',NULL,'0'),(40,'2','部门经理','sys_user_type','用户类型',20,0,'1','2013-05-27 08:00:00','1','2013-05-27 08:00:00',NULL,'0'),(41,'3','普通用户','sys_user_type','用户类型',30,0,'1','2013-05-27 08:00:00','1','2013-05-27 08:00:00',NULL,'0'),(42,'basic','基础主题','cms_theme','站点主题',10,0,'1','2013-05-27 08:00:00','1','2013-05-27 08:00:00',NULL,'0'),(43,'blue','蓝色主题','cms_theme','站点主题',20,0,'1','2013-05-27 08:00:00','1','2013-05-27 08:00:00',NULL,'1'),(44,'red','红色主题','cms_theme','站点主题',30,0,'1','2013-05-27 08:00:00','1','2013-05-27 08:00:00',NULL,'1'),(45,'article','文章模型','cms_module','栏目模型',10,0,'1','2013-05-27 08:00:00','1','2013-05-27 08:00:00',NULL,'0'),(46,'picture','图片模型','cms_module','栏目模型',20,0,'1','2013-05-27 08:00:00','1','2013-05-27 08:00:00',NULL,'1'),(47,'download','下载模型','cms_module','栏目模型',30,0,'1','2013-05-27 08:00:00','1','2013-05-27 08:00:00',NULL,'1'),(48,'link','链接模型','cms_module','栏目模型',40,0,'1','2013-05-27 08:00:00','1','2013-05-27 08:00:00',NULL,'0'),(49,'special','专题模型','cms_module','栏目模型',50,0,'1','2013-05-27 08:00:00','1','2013-05-27 08:00:00',NULL,'1'),(50,'0','默认展现方式','cms_show_modes','展现方式',10,0,'1','2013-05-27 08:00:00','1','2013-05-27 08:00:00',NULL,'0'),(51,'1','首栏目内容列表','cms_show_modes','展现方式',20,0,'1','2013-05-27 08:00:00','1','2013-05-27 08:00:00',NULL,'0'),(52,'2','栏目第一条内容','cms_show_modes','展现方式',30,0,'1','2013-05-27 08:00:00','1','2013-05-27 08:00:00',NULL,'0'),(53,'0','发布','cms_del_flag','内容状态',10,0,'1','2013-05-27 08:00:00','1','2013-05-27 08:00:00',NULL,'0'),(54,'1','删除','cms_del_flag','内容状态',20,0,'1','2013-05-27 08:00:00','1','2013-05-27 08:00:00',NULL,'0'),(55,'2','审核','cms_del_flag','内容状态',15,0,'1','2013-05-27 08:00:00','1','2013-05-27 08:00:00',NULL,'0'),(56,'1','首页焦点图','cms_posid','推荐位',10,0,'1','2013-05-27 08:00:00','1','2013-05-27 08:00:00',NULL,'0'),(57,'2','栏目页文章推荐','cms_posid','推荐位',20,0,'1','2013-05-27 08:00:00','1','2013-05-27 08:00:00',NULL,'0'),(58,'1','咨询','cms_guestbook','留言板分类',10,0,'1','2013-05-27 08:00:00','1','2013-05-27 08:00:00',NULL,'0'),(59,'2','建议','cms_guestbook','留言板分类',20,0,'1','2013-05-27 08:00:00','1','2013-05-27 08:00:00',NULL,'0'),(60,'3','投诉','cms_guestbook','留言板分类',30,0,'1','2013-05-27 08:00:00','1','2013-05-27 08:00:00',NULL,'0'),(61,'4','其它','cms_guestbook','留言板分类',40,0,'1','2013-05-27 08:00:00','1','2013-05-27 08:00:00',NULL,'0'),(62,'1','公休','oa_leave_type','请假类型',10,0,'1','2013-05-27 08:00:00','1','2013-05-27 08:00:00',NULL,'0'),(63,'2','病假','oa_leave_type','请假类型',20,0,'1','2013-05-27 08:00:00','1','2013-05-27 08:00:00',NULL,'0'),(64,'3','事假','oa_leave_type','请假类型',30,0,'1','2013-05-27 08:00:00','1','2013-05-27 08:00:00',NULL,'0'),(65,'4','调休','oa_leave_type','请假类型',40,0,'1','2013-05-27 08:00:00','1','2013-05-27 08:00:00',NULL,'0'),(66,'5','婚假','oa_leave_type','请假类型',60,0,'1','2013-05-27 08:00:00','1','2013-05-27 08:00:00',NULL,'0'),(67,'1','接入日志','sys_log_type','日志类型',30,0,'1','2013-06-03 08:00:00','1','2013-06-03 08:00:00',NULL,'0'),(68,'2','异常日志','sys_log_type','日志类型',40,0,'1','2013-06-03 08:00:00','1','2013-06-03 08:00:00',NULL,'0'),(69,'leave','请假流程','act_type','流程类型',10,0,'1','2013-06-03 08:00:00','1','2013-06-03 08:00:00',NULL,'0'),(70,'test_audit','审批测试流程','act_type','流程类型',20,0,'1','2013-06-03 08:00:00','1','2013-06-03 08:00:00',NULL,'0'),(71,'1','分类1','act_category','流程分类',10,0,'1','2013-06-03 08:00:00','1','2013-06-03 08:00:00',NULL,'0'),(72,'2','分类2','act_category','流程分类',20,0,'1','2013-06-03 08:00:00','1','2013-06-03 08:00:00',NULL,'0'),(73,'crud','增删改查','gen_category','代码生成分类',10,0,'1','2013-10-28 08:00:00','1','2013-10-28 08:00:00',NULL,'1'),(74,'crud_many','增删改查（包含从表）','gen_category','代码生成分类',20,0,'1','2013-10-28 08:00:00','1','2013-10-28 08:00:00',NULL,'1'),(75,'tree','树结构','gen_category','代码生成分类',30,0,'1','2013-10-28 08:00:00','1','2013-10-28 08:00:00',NULL,'1'),(76,'=','=','gen_query_type','查询方式',10,0,'1','2013-10-28 08:00:00','1','2013-10-28 08:00:00',NULL,'1'),(77,'!=','!=','gen_query_type','查询方式',20,0,'1','2013-10-28 08:00:00','1','2013-10-28 08:00:00',NULL,'1'),(78,'&gt;','&gt;','gen_query_type','查询方式',30,0,'1','2013-10-28 08:00:00','1','2013-10-28 08:00:00',NULL,'1'),(79,'&lt;','&lt;','gen_query_type','查询方式',40,0,'1','2013-10-28 08:00:00','1','2013-10-28 08:00:00',NULL,'1'),(80,'between','Between','gen_query_type','查询方式',50,0,'1','2013-10-28 08:00:00','1','2013-10-28 08:00:00',NULL,'1'),(81,'like','Like','gen_query_type','查询方式',60,0,'1','2013-10-28 08:00:00','1','2013-10-28 08:00:00',NULL,'1'),(82,'left_like','Left Like','gen_query_type','查询方式',70,0,'1','2013-10-28 08:00:00','1','2013-10-28 08:00:00',NULL,'1'),(83,'right_like','Right Like','gen_query_type','查询方式',80,0,'1','2013-10-28 08:00:00','1','2013-10-28 08:00:00',NULL,'1'),(84,'input','文本框','gen_show_type','字段生成方案',10,0,'1','2013-10-28 08:00:00','1','2013-10-28 08:00:00',NULL,'1'),(85,'textarea','文本域','gen_show_type','字段生成方案',20,0,'1','2013-10-28 08:00:00','1','2013-10-28 08:00:00',NULL,'1'),(86,'select','下拉框','gen_show_type','字段生成方案',30,0,'1','2013-10-28 08:00:00','1','2013-10-28 08:00:00',NULL,'1'),(87,'checkbox','复选框','gen_show_type','字段生成方案',40,0,'1','2013-10-28 08:00:00','1','2013-10-28 08:00:00',NULL,'1'),(88,'radiobox','单选框','gen_show_type','字段生成方案',50,0,'1','2013-10-28 08:00:00','1','2013-10-28 08:00:00',NULL,'1'),(89,'dateselect','日期选择','gen_show_type','字段生成方案',60,0,'1','2013-10-28 08:00:00','1','2013-10-28 08:00:00',NULL,'1'),(90,'userselect','人员选择\0','gen_show_type','字段生成方案',70,0,'1','2013-10-28 08:00:00','1','2013-10-28 08:00:00',NULL,'1'),(91,'officeselect','部门选择','gen_show_type','字段生成方案',80,0,'1','2013-10-28 08:00:00','1','2013-10-28 08:00:00',NULL,'1'),(92,'areaselect','区域选择','gen_show_type','字段生成方案',90,0,'1','2013-10-28 08:00:00','1','2013-10-28 08:00:00',NULL,'1'),(93,'String','String','gen_java_type','Java类型',10,0,'1','2013-10-28 08:00:00','1','2013-10-28 08:00:00',NULL,'1'),(94,'Long','Long','gen_java_type','Java类型',20,0,'1','2013-10-28 08:00:00','1','2013-10-28 08:00:00',NULL,'1'),(95,'dao','仅持久层','gen_category','代码生成分类\0\0\0\0\0\0',40,0,'1','2013-10-28 08:00:00','1','2013-10-28 08:00:00',NULL,'1'),(96,'1','男','sex','性别',10,0,'1','2013-10-28 08:00:00','1','2013-10-28 08:00:00',NULL,'1'),(97,'2','女','sex','性别',20,0,'1','2013-10-28 08:00:00','1','2013-10-28 08:00:00',NULL,'1'),(98,'Integer','Integer','gen_java_type','Java类型\0\0',30,0,'1','2013-10-28 08:00:00','1','2013-10-28 08:00:00',NULL,'1'),(99,'Double','Double','gen_java_type','Java类型\0\0',40,0,'1','2013-10-28 08:00:00','1','2013-10-28 08:00:00',NULL,'1'),(100,'java.util.Date','Date','gen_java_type','Java类型\0\0',50,0,'1','2013-10-28 08:00:00','1','2013-10-28 08:00:00',NULL,'1'),(101,'com.thinkgem.jeesite.modules.sys.entity.User','User','gen_java_type','Java类型\0\0',60,0,'1','2013-10-28 08:00:00','1','2013-10-28 08:00:00',NULL,'1'),(102,'com.thinkgem.jeesite.modules.sys.entity.Office','Office','gen_java_type','Java类型\0\0',70,0,'1','2013-10-28 08:00:00','1','2013-10-28 08:00:00',NULL,'1'),(103,'com.thinkgem.jeesite.modules.sys.entity.Area','Area','gen_java_type','Java类型\0\0',80,0,'1','2013-10-28 08:00:00','1','2013-10-28 08:00:00',NULL,'1'),(104,'Custom','Custom','gen_java_type','Java类型\0\0',90,0,'1','2013-10-28 08:00:00','1','2013-10-28 08:00:00',NULL,'1'),(105,'1','会议通告\0\0\0\0','oa_notify_type','通知通告类型',10,0,'1','2013-11-08 08:00:00','1','2013-11-08 08:00:00',NULL,'0'),(106,'2','奖惩通告\0\0\0\0','oa_notify_type','通知通告类型',20,0,'1','2013-11-08 08:00:00','1','2013-11-08 08:00:00',NULL,'0'),(107,'3','活动通告\0\0\0\0','oa_notify_type','通知通告类型',30,0,'1','2013-11-08 08:00:00','1','2013-11-08 08:00:00',NULL,'0'),(108,'0','草稿','oa_notify_status','通知通告状态',10,0,'1','2013-11-08 08:00:00','1','2013-11-08 08:00:00',NULL,'0'),(109,'1','发布','oa_notify_status','通知通告状态',20,0,'1','2013-11-08 08:00:00','1','2013-11-08 08:00:00',NULL,'0'),(110,'0','未读','oa_notify_read','通知通告状态',10,0,'1','2013-11-08 08:00:00','1','2013-11-08 08:00:00',NULL,'0'),(111,'1','已读','oa_notify_read','通知通告状态',20,0,'1','2013-11-08 08:00:00','1','2013-11-08 08:00:00',NULL,'0'),(399734270882484224,'1','未跟进','follow_status','跟进状态',10,NULL,'1','2017-07-04 16:56:12','1','2017-07-04 16:56:12','','0'),(399734399081385984,'2','跟进中','follow_status','跟进状态',20,NULL,'1','2017-07-04 16:56:42','1','2017-07-04 16:56:42','','0'),(400045284677128192,'1','天','skill_unit','计价单位',10,NULL,'1','2017-07-05 13:32:03','1','2017-07-05 13:32:03','','0'),(400045436489961472,'2','次','skill_unit','计价单位',20,NULL,'1','2017-07-05 13:32:39','1','2017-07-05 13:32:39','','0'),(400046231675473920,'1','单项服务','skill_category','技能项类型',10,NULL,'1','2017-07-05 13:35:49','1','2017-07-17 15:01:48','','0'),(400046314521366528,'2','基础服务','skill_category','技能项类型',20,NULL,'1','2017-07-05 13:36:09','1','2017-07-17 15:01:56','','0'),(400061439315808256,'1','是','message_remind','短信提醒',10,NULL,'1','2017-07-05 14:36:15','1','2017-07-05 14:36:15','','0'),(400061523218665472,'2','否','message_remind','短信提醒',20,NULL,'1','2017-07-05 14:36:35','1','2017-07-05 14:36:35','','0'),(400482298627100672,'1','寄件','deposit_type','寄取类型',10,NULL,'1','2017-07-06 18:28:35','1','2017-07-06 18:28:35','','0'),(400482366541271040,'2','取件','deposit_type','寄取类型',20,NULL,'1','2017-07-06 18:28:52','1','2017-07-06 18:28:52','','0'),(400719930514739200,'2','按单价计价','way_measureWay','计量方式',10,NULL,'1','2017-07-07 10:12:51','1','2017-07-07 11:37:40','','0'),(400720121284268032,'1','按包价计价','way_measureWay','计量方式',10,NULL,'1','2017-07-07 10:13:37','1','2017-07-07 11:37:36','','0'),(402954116432662528,'1','员工','live_type','入住类型',10,NULL,'1','2017-07-13 14:10:43','1','2017-07-13 14:10:43','','0'),(402954208178868224,'2','学员','live_type','入住类型',20,NULL,'1','2017-07-13 14:11:05','1','2017-07-13 14:11:05','','0'),(404331342885556224,'0','启用','sys_finaceType_status','状态',10,NULL,'1','2017-07-17 09:23:19','1','2017-07-17 09:23:52','','0'),(404331461055877120,'1','停用','sys_finaceType_status','状态',10,NULL,'1','2017-07-17 09:23:47','1','2017-07-17 09:23:47','','0'),(404333651380146176,'1','收入','sys_finaceType_paymentType','收入类型',10,NULL,'1','2017-07-17 09:32:29','1','2017-07-17 09:32:29','','0'),(404333734486085632,'2','支出','sys_finaceType_paymentType','收入类型',10,NULL,'1','2017-07-17 09:32:49','1','2017-07-17 09:32:49','','0');
/*!40000 ALTER TABLE `sys_dict` ENABLE KEYS */;
UNLOCK TABLES;

--
-- Table structure for table `sys_log`
--

DROP TABLE IF EXISTS `sys_log`;
/*!40101 SET @saved_cs_client     = @@character_set_client */;
/*!40101 SET character_set_client = utf8 */;
CREATE TABLE `sys_log` (
  `id` varchar(64) COLLATE utf8_bin NOT NULL COMMENT '编号',
  `type` char(1) COLLATE utf8_bin DEFAULT '1' COMMENT '日志类型',
  `title` varchar(255) COLLATE utf8_bin DEFAULT '' COMMENT '日志标题',
  `create_by` varchar(64) COLLATE utf8_bin DEFAULT NULL COMMENT '创建者',
  `create_date` datetime DEFAULT NULL COMMENT '创建时间',
  `remote_addr` varchar(255) COLLATE utf8_bin DEFAULT NULL COMMENT '操作IP地址',
  `user_agent` varchar(255) COLLATE utf8_bin DEFAULT NULL COMMENT '用户代理',
  `request_uri` varchar(255) COLLATE utf8_bin DEFAULT NULL COMMENT '请求URI',
  `method` varchar(5) COLLATE utf8_bin DEFAULT NULL COMMENT '操作方式',
  `params` text COLLATE utf8_bin COMMENT '操作提交的数据',
  `exception` text COLLATE utf8_bin COMMENT '异常信息',
  PRIMARY KEY (`id`),
  KEY `sys_log_create_by` (`create_by`),
  KEY `sys_log_request_uri` (`request_uri`),
  KEY `sys_log_type` (`type`),
  KEY `sys_log_create_date` (`create_date`)
) ENGINE=InnoDB DEFAULT CHARSET=utf8 COLLATE=utf8_bin COMMENT='日志表';
/*!40101 SET character_set_client = @saved_cs_client */;

--
-- Dumping data for table `sys_log`
--

LOCK TABLES `sys_log` WRITE;
/*!40000 ALTER TABLE `sys_log` DISABLE KEYS */;
INSERT INTO `sys_log` VALUES ('000453c864f04251be256457f147571c','1','系统设置-系统设置-菜单管理-查看','1','2017-05-31 09:36:49','0:0:0:0:0:0:0:1','Mozilla/5.0 (Macintosh; Intel Mac OS X 10_12_5) AppleWebKit/537.36 (KHTML, like Gecko) Chrome/58.0.3029.110 Safari/537.36','/sys/menu/form','GET','id=ba8092291b40482db8fe7fc006ea3d76',''),('001633d7ff4c4489bbf3ad6d00f7244f','1','通知通告-通知通告-我的通告','1','2017-06-01 09:04:50','0:0:0:0:0:0:0:1','Mozilla/5.0 (Windows NT 6.1; WOW64; rv:53.0) Gecko/20100101 Firefox/53.0','/oa/oaNotify/self','GET','',''),('00211a108e6f4924b3757b90f2254e1b','1','系统设置-机构用户-用户管理','1','2017-05-31 15:33:36','127.0.0.1','Mozilla/5.0 (Windows NT 6.1; WOW64; rv:53.0) Gecko/20100101 Firefox/53.0','/sys/user/index','GET','',''),('0022d0652c074a5d9275d88a4049b2a8','1','学校管理-招生管理-生源管理','1','2017-06-01 11:56:26','0:0:0:0:0:0:0:1','Mozilla/5.0 (Windows NT 6.1; WOW64) AppleWebKit/537.36 (KHTML, like Gecko) Chrome/58.0.3029.110 Safari/537.36','/enroll/studentEnroll/','GET','',''),('00260ebba91e4c8bbb7e3c6da5e01381','1','系统设置-机构用户-用户管理-查看','1','2017-05-31 15:48:31','127.0.0.1','Mozilla/5.0 (Windows NT 6.1; WOW64; rv:53.0) Gecko/20100101 Firefox/53.0','/sys/user/list','GET','',''),('00631dc2a5fd42c3a41ca33adda090ff','1','学校管理-招生管理-开班计划','1','2017-06-01 10:19:19','0:0:0:0:0:0:0:1','Mozilla/5.0 (Windows NT 6.1; WOW64; rv:53.0) Gecko/20100101 Firefox/53.0','/communication/studentCommunication/','GET','',''),('0067282e14ff48ca8de7c636ecfca61c','1','学校管理-招生管理-生源管理','1','2017-06-01 11:05:05','0:0:0:0:0:0:0:1','Mozilla/5.0 (Windows NT 6.1; WOW64; rv:53.0) Gecko/20100101 Firefox/53.0','/enroll/studentEnroll/','GET','',''),('008df7797d2a475f9e328f917a4e5f8a','1','学校管理-前台业务-学员信息管理','1','2017-06-01 09:07:48','0:0:0:0:0:0:0:1','Mozilla/5.0 (Windows NT 6.1; WOW64) AppleWebKit/537.36 (KHTML, like Gecko) Chrome/58.0.3029.110 Safari/537.36','/invoice','GET','',''),('00adc6f8deaf4741868bce02d3503907','1','通知通告-通知通告-我的通告','1','2017-05-31 19:33:07','0:0:0:0:0:0:0:1','Mozilla/5.0 (Macintosh; Intel Mac OS X 10_12_5) AppleWebKit/537.36 (KHTML, like Gecko) Chrome/58.0.3029.110 Safari/537.36','/oa/oaNotify/self','GET','',''),('00b9f99efdf84bc185a1fefb61ea761e','1','学校管理-教务管理-课程管理','1','2017-06-01 10:48:40','0:0:0:0:0:0:0:1','Mozilla/5.0 (Windows NT 6.1; WOW64) AppleWebKit/537.36 (KHTML, like Gecko) Chrome/58.0.3029.110 Safari/537.36','/schoollesson/schoolClassLesson/','GET','',''),('00daad39e7b949818552cef45cadf09d','1','我的面板-个人信息-个人信息','1','2017-05-31 15:24:01','0:0:0:0:0:0:0:1','Mozilla/5.0 (Windows NT 6.1; WOW64) AppleWebKit/537.36 (KHTML, like Gecko) Chrome/58.0.3029.110 Safari/537.36','/sys/user/info','GET','',''),('00e318cd56ef4d70bca663c648006f11','1','系统设置-系统设置-菜单管理','1','2017-05-31 17:25:32','0:0:0:0:0:0:0:1','Mozilla/5.0 (Windows NT 6.1; WOW64; rv:53.0) Gecko/20100101 Firefox/53.0','/sys/menu/','GET','',''),('00f6f46b37cd4537a04b52f6b37ba27d','1','系统设置-机构用户-机构管理-查看','1','2017-05-31 13:38:46','0:0:0:0:0:0:0:1','Mozilla/5.0 (Windows NT 6.1; WOW64) AppleWebKit/537.36 (KHTML, like Gecko) Chrome/58.0.3029.110 Safari/537.36','/sys/office/list','GET','parentIds=0,1,&id=1',''),('0109fed8ffb142129a8260fd2066d725','1','学校管理-招生管理-生源管理','1','2017-06-01 11:55:33','0:0:0:0:0:0:0:1','Mozilla/5.0 (Windows NT 6.1; WOW64) AppleWebKit/537.36 (KHTML, like Gecko) Chrome/58.0.3029.110 Safari/537.36','/enroll/studentEnroll/','GET','',''),('010c2fd3cbc04dd48379ad6d31f15e89','1','通知通告-通知通告-我的通告','1','2017-06-01 13:51:44','0:0:0:0:0:0:0:1','Mozilla/5.0 (Windows NT 6.1; WOW64; rv:53.0) Gecko/20100101 Firefox/53.0','/oa/oaNotify/self','GET','',''),('01244b53d8ca463e94b46de6235381d1','1','代码生成-代码生成-业务表配置','1','2017-06-01 10:04:47','0:0:0:0:0:0:0:1','Mozilla/5.0 (Windows NT 6.1; WOW64; rv:53.0) Gecko/20100101 Firefox/53.0','/gen/genTable','GET','',''),('013440d4deae41c98594c9d76d8992f7','1','系统设置-机构用户-机构管理-查看','1','2017-05-31 13:39:34','0:0:0:0:0:0:0:1','Mozilla/5.0 (Windows NT 6.1; WOW64) AppleWebKit/537.36 (KHTML, like Gecko) Chrome/58.0.3029.110 Safari/537.36','/sys/office/list','GET','parentIds=0,1,7,12,&id=12',''),('01344c8052a3470bbd3e2cb7d3e95459','1','系统设置-机构用户-机构管理','1','2017-05-31 16:43:32','0:0:0:0:0:0:0:1','Mozilla/5.0 (Windows NT 6.1; WOW64; rv:53.0) Gecko/20100101 Firefox/53.0','/sys/office/','GET','',''),('01383cb0979b4acd8ef897e3d62ca1fc','1','系统设置-机构用户-用户管理-查看','1','2017-05-31 14:51:05','0:0:0:0:0:0:0:1','Mozilla/5.0 (Windows NT 6.1; WOW64) AppleWebKit/537.36 (KHTML, like Gecko) Chrome/57.0.2987.133 Safari/537.36','/sys/user/list','GET','',''),('013b767a2d4147fdb29fe6892913e659','1','系统设置-机构用户-用户管理-查看','1','2017-06-01 09:55:41','0:0:0:0:0:0:0:1','Mozilla/5.0 (Windows NT 6.1; WOW64; rv:53.0) Gecko/20100101 Firefox/53.0','/sys/user/list','GET','',''),('013de0e3f6d1484d926e5d43e973f18a','1','系统设置-系统设置-菜单管理-修改','1','2017-06-01 09:35:57','0:0:0:0:0:0:0:1','Mozilla/5.0 (Windows NT 6.1; WOW64; rv:53.0) Gecko/20100101 Firefox/53.0','/sys/menu/save','POST','parent.name=招生管理&name=生源管理&icon=&parent.id=c3c2426e4b324990a2289fb3691ef03b&permission=communication:studentCommunication:view,communication:studentCommunication:edit&id=d1d77b6131484610aa13192cd34239a0&href=/communication/studentCommunication/&sort=1100&remarks=&target=&isShow=1',''),('013fc2ad4c9844f1bafcc7f1e302026c','1','系统设置-机构用户-机构管理-查看','1','2017-05-31 13:58:49','0:0:0:0:0:0:0:1','Mozilla/5.0 (Windows NT 6.1; WOW64) AppleWebKit/537.36 (KHTML, like Gecko) Chrome/57.0.2987.133 Safari/537.36','/sys/office/form','GET','id=1',''),('01433958652a4c48b59de1dd736854f5','1','系统设置-机构用户-用户管理-查看','1','2017-06-01 10:19:18','0:0:0:0:0:0:0:1','Mozilla/5.0 (Windows NT 6.1; WOW64; rv:53.0) Gecko/20100101 Firefox/53.0','/sys/user/list','GET','',''),('01494bcacbcd409daec980c0daf61397','1','系统设置-机构用户-用户管理','1','2017-06-01 11:58:44','0:0:0:0:0:0:0:1','Mozilla/5.0 (Windows NT 6.1; WOW64) AppleWebKit/537.36 (KHTML, like Gecko) Chrome/58.0.3029.110 Safari/537.36','/sys/user/index','GET','',''),('015359dcce9b467890b3644c3e00bee3','1','学校管理-系统基础-系统基础类型','1','2017-06-01 11:05:09','0:0:0:0:0:0:0:1','Mozilla/5.0 (Windows NT 6.1; WOW64; rv:53.0) Gecko/20100101 Firefox/53.0','/commonsType/commonsType/','GET','',''),('016d282f7e5942c389ad598834e23041','1','系统设置-机构用户-用户管理-查看','1','2017-05-31 11:54:02','0:0:0:0:0:0:0:1','Mozilla/5.0 (Windows NT 6.1; WOW64) AppleWebKit/537.36 (KHTML, like Gecko) Chrome/58.0.3029.110 Safari/537.36','/sys/user/list','GET','',''),('01740e79fd4e43c794d844156594b7bd','1','学校管理-教学管理-请假管理','1','2017-06-01 12:04:11','0:0:0:0:0:0:0:1','Mozilla/5.0 (Windows NT 6.1; WOW64) AppleWebKit/537.36 (KHTML, like Gecko) Chrome/58.0.3029.110 Safari/537.36','/schoolleave/schoolLeave/','GET','',''),('018c4be7cc514578bfcd3a9edc91f5ff','1','在线办公-通知通告-我的通告','1','2017-05-31 14:25:32','0:0:0:0:0:0:0:1','Mozilla/5.0 (Windows NT 6.1; WOW64; rv:53.0) Gecko/20100101 Firefox/53.0','/oa/oaNotify/self','GET','',''),('019ae3e9e1264e0e94ec6fcae3169f9c','1','学校管理-招生管理-生源管理','1','2017-06-01 14:39:49','0:0:0:0:0:0:0:1','Mozilla/5.0 (Windows NT 6.1; WOW64; rv:53.0) Gecko/20100101 Firefox/53.0','/enroll/studentEnroll/','GET','',''),('01d0fd37c28f45fa872e899a2ea79ece','1','学校管理-教学管理-请假管理','1','2017-06-01 11:55:36','0:0:0:0:0:0:0:1','Mozilla/5.0 (Windows NT 6.1; WOW64) AppleWebKit/537.36 (KHTML, like Gecko) Chrome/58.0.3029.110 Safari/537.36','/schoolleave/schoolLeave/','GET','',''),('01dcf1d9f0ec41148afe65e38a978312','1','系统设置-机构用户-用户管理','1','2017-06-01 09:53:29','0:0:0:0:0:0:0:1','Mozilla/5.0 (Windows NT 6.1; WOW64) AppleWebKit/537.36 (KHTML, like Gecko) Chrome/58.0.3029.110 Safari/537.36','/sys/user/index','GET','',''),('01f011cae369478f81a8286944d97e1f','1','系统设置-系统设置-菜单管理','1','2017-06-01 11:56:18','0:0:0:0:0:0:0:1','Mozilla/5.0 (Windows NT 6.1; WOW64; rv:53.0) Gecko/20100101 Firefox/53.0','/sys/menu/','GET','',''),('021e32d7a0714447a7630a1e12c593a7','1','代码生成-代码生成-业务表配置','1','2017-06-01 14:46:57','0:0:0:0:0:0:0:1','Mozilla/5.0 (Windows NT 6.1; WOW64; rv:53.0) Gecko/20100101 Firefox/53.0','/gen/genTable','GET','',''),('02237088f21248d58254bb602f627e1f','1','学校管理-教务管理-课程管理','1','2017-06-01 13:09:44','0:0:0:0:0:0:0:1','Mozilla/5.0 (Windows NT 6.1; WOW64) AppleWebKit/537.36 (KHTML, like Gecko) Chrome/57.0.2987.133 Safari/537.36','/lesson/schoolClassLesson/','GET','',''),('022c8f93beb04fab98a2d930897e9d7f','1','通知通告-通知通告-我的通告','1','2017-06-01 11:27:56','0:0:0:0:0:0:0:1','Mozilla/5.0 (Windows NT 6.1; WOW64) AppleWebKit/537.36 (KHTML, like Gecko) Chrome/58.0.3029.110 Safari/537.36','/oa/oaNotify/self','GET','',''),('024ddef8999848009098e12601a9a1ae','1','学校管理-招生管理-生源管理','1','2017-06-01 09:32:04','0:0:0:0:0:0:0:1','Mozilla/5.0 (Windows NT 6.1; WOW64) AppleWebKit/537.36 (KHTML, like Gecko) Chrome/58.0.3029.110 Safari/537.36','/communication/studentCommunication/','GET','',''),('024e3f5a544f43b7a99c6e9b44e447b3','1','系统设置-系统设置-菜单管理-修改','1','2017-06-01 09:50:24','0:0:0:0:0:0:0:1','Mozilla/5.0 (Windows NT 6.1; WOW64; rv:53.0) Gecko/20100101 Firefox/53.0','/sys/menu/save','POST','parent.name=学校管理&name=客户来源&icon=&parent.id=289512a2bc314473a565c6fa3ff94d59&permission=customerresource:customerResource:view,customerresource:customerResource:edit&id=02c1d7aa630143e381fa9b4fbbf6dc65&href=/customerresource/customerResource/&sort=9000&remarks=&target=&isShow=1',''),('0261bd4abe1648b78129637dd9e53e63','1','系统设置-机构用户-机构管理-查看','1','2017-05-31 14:19:24','0:0:0:0:0:0:0:1','Mozilla/5.0 (Windows NT 6.1; WOW64) AppleWebKit/537.36 (KHTML, like Gecko) Chrome/58.0.3029.110 Safari/537.36','/sys/office/list','GET','parentIds=0,1,&id=1',''),('026bf91c37fb4128ad1af54e37c0c7e8','1','系统设置-系统设置-菜单管理','1','2017-06-01 13:39:20','0:0:0:0:0:0:0:1','Mozilla/5.0 (Windows NT 6.1; WOW64; rv:53.0) Gecko/20100101 Firefox/53.0','/sys/menu/','GET','',''),('028b8715ed354c62bab205de51f94a92','1','系统设置-机构用户-用户管理','1','2017-06-01 10:09:31','0:0:0:0:0:0:0:1','Mozilla/5.0 (Windows NT 6.1; WOW64) AppleWebKit/537.36 (KHTML, like Gecko) Chrome/58.0.3029.110 Safari/537.36','/sys/user/index','GET','',''),('0296703e575a4cc9a1a2d6d069e591bf','1','系统设置-机构用户-用户管理','1','2017-06-01 09:55:41','0:0:0:0:0:0:0:1','Mozilla/5.0 (Windows NT 6.1; WOW64; rv:53.0) Gecko/20100101 Firefox/53.0','/sys/user/index','GET','',''),('02bc0c210d574806afb97b37b555ef1b','1','系统设置-系统设置-菜单管理','1','2017-06-01 13:57:13','0:0:0:0:0:0:0:1','Mozilla/5.0 (Windows NT 6.1; WOW64; rv:53.0) Gecko/20100101 Firefox/53.0','/sys/menu/','GET','',''),('02bd5d68d48e42c798167ae1e4a39a66','1','通知通告-通知通告-我的通告','1','2017-06-01 13:49:31','0:0:0:0:0:0:0:1','Mozilla/5.0 (Windows NT 6.1; WOW64) AppleWebKit/537.36 (KHTML, like Gecko) Chrome/57.0.2987.133 Safari/537.36','/oa/oaNotify/self','GET','',''),('02c40f1115b54475a689d1e6926938c4','1','通知通告-通知通告-我的通告','1','2017-06-01 10:21:10','0:0:0:0:0:0:0:1','Mozilla/5.0 (Macintosh; Intel Mac OS X 10_12_5) AppleWebKit/537.36 (KHTML, like Gecko) Chrome/58.0.3029.110 Safari/537.36','/oa/oaNotify/self','GET','',''),('02d4fc56e44249a9bc37ef8f8cfd6d56','1','我的面板-个人信息-个人信息','1','2017-05-31 11:31:11','0:0:0:0:0:0:0:1','Mozilla/5.0 (Windows NT 6.1; WOW64) AppleWebKit/537.36 (KHTML, like Gecko) Chrome/57.0.2987.133 Safari/537.36','/sys/user/info','GET','',''),('02ec3360ca024dfdbf781db18e43d41a','1','系统设置-机构用户-用户管理-查看','1','2017-05-31 15:04:17','0:0:0:0:0:0:0:1','Mozilla/5.0 (Windows NT 6.1; WOW64) AppleWebKit/537.36 (KHTML, like Gecko) Chrome/58.0.3029.110 Safari/537.36','/sys/user/list','GET','',''),('0300d507435541f98fffcdc5075e5a33','1','学校管理-招生管理-生源管理','1','2017-06-01 13:39:29','0:0:0:0:0:0:0:1','Mozilla/5.0 (Windows NT 6.1; WOW64; rv:53.0) Gecko/20100101 Firefox/53.0','/enroll/studentEnroll/','GET','',''),('030eea550318463b9fb14499816793df','1','系统设置-机构用户-用户管理','1','2017-05-31 15:31:49','0:0:0:0:0:0:0:1','Mozilla/5.0 (Windows NT 6.1; WOW64; rv:53.0) Gecko/20100101 Firefox/53.0','/sys/user/index','GET','',''),('0310d72c5c2a4b35990cf6eb159e1084','1','通知通告-通知通告-通告管理','1','2017-06-01 13:29:28','0:0:0:0:0:0:0:1','Mozilla/5.0 (Windows NT 6.1; WOW64; rv:53.0) Gecko/20100101 Firefox/53.0','/oa/oaNotify','GET','',''),('03147987ab824bb7b5989ead6c0e276f','1','学校管理-招生管理-生源管理','1','2017-06-01 09:26:14','127.0.0.1','Mozilla/5.0 (Windows NT 6.1; WOW64) AppleWebKit/537.36 (KHTML, like Gecko) Chrome/58.0.3029.110 Safari/537.36','/communication/studentCommunication/','GET','',''),('031eafdf072e46a39c4392e5aa74dcc4','1','代码生成-代码生成-生成方案配置','1','2017-05-31 16:12:11','0:0:0:0:0:0:0:1','Mozilla/5.0 (Windows NT 6.1; WOW64) AppleWebKit/537.36 (KHTML, like Gecko) Chrome/57.0.2987.133 Safari/537.36','/gen/genScheme','GET','',''),('032f4e0422f4492e96a0ce2226e8a540','1','代码生成-代码生成-生成方案配置','1','2017-06-01 10:19:03','0:0:0:0:0:0:0:1','Mozilla/5.0 (Windows NT 6.1; WOW64; rv:53.0) Gecko/20100101 Firefox/53.0','/gen/genScheme','GET','',''),('033bba690ddc4a919f19cbd0db5e4e29','1','系统设置-系统设置-角色管理','1','2017-05-31 15:48:17','0:0:0:0:0:0:0:1','Mozilla/5.0 (Windows NT 6.1; WOW64) AppleWebKit/537.36 (KHTML, like Gecko) Chrome/58.0.3029.110 Safari/537.36','/sys/role/','GET','',''),('033c505b1f38405db63e892cfb86c305','1','学校管理-教务管理-班级管理','1','2017-06-01 13:43:15','0:0:0:0:0:0:0:1','Mozilla/5.0 (Windows NT 6.1; WOW64) AppleWebKit/537.36 (KHTML, like Gecko) Chrome/57.0.2987.133 Safari/537.36','/school/schoolClass/','GET','',''),('034da847b4c14261bdc422c5be660da5','1','系统设置-机构用户-用户管理-查看','1','2017-05-31 09:45:52','0:0:0:0:0:0:0:1','Mozilla/5.0 (Macintosh; Intel Mac OS X 10_12_5) AppleWebKit/537.36 (KHTML, like Gecko) Chrome/58.0.3029.110 Safari/537.36','/sys/user/list','GET','repage=',''),('03563a2d03734285ba5b618a05faaee1','1','系统设置-机构用户-用户管理','1','2017-06-01 12:04:28','0:0:0:0:0:0:0:1','Mozilla/5.0 (Windows NT 6.1; WOW64) AppleWebKit/537.36 (KHTML, like Gecko) Chrome/58.0.3029.110 Safari/537.36','/sys/user/index','GET','',''),('035d48da0cc740d8be1c8e9f3c9d9112','1','我的面板-个人信息-个人信息','1','2017-05-31 15:09:37','0:0:0:0:0:0:0:1','Mozilla/5.0 (Windows NT 6.1; WOW64) AppleWebKit/537.36 (KHTML, like Gecko) Chrome/57.0.2987.133 Safari/537.36','/sys/user/info','GET','',''),('0368041d9fa7499ab0a10b0319802c4c','1','代码生成-代码生成-生成方案配置','1','2017-06-01 14:38:25','0:0:0:0:0:0:0:1','Mozilla/5.0 (Windows NT 6.1; WOW64; rv:53.0) Gecko/20100101 Firefox/53.0','/gen/genScheme','GET','',''),('03949071f18549e1abe150e6424d421f','1','系统设置-机构用户-用户管理','1','2017-05-31 16:43:26','0:0:0:0:0:0:0:1','Mozilla/5.0 (Windows NT 6.1; WOW64; rv:53.0) Gecko/20100101 Firefox/53.0','/sys/user/index','GET','',''),('0397f55841d44b19b250f946e82b4c10','1','系统设置-机构用户-用户管理','1','2017-05-31 13:44:26','0:0:0:0:0:0:0:1','Mozilla/5.0 (Windows NT 6.1; WOW64) AppleWebKit/537.36 (KHTML, like Gecko) Chrome/58.0.3029.110 Safari/537.36','/sys/user/index','GET','',''),('03a5b9061b9d456db5efdb7f31dab4ce','1','内容管理-内容管理','1','2017-05-31 09:45:26','0:0:0:0:0:0:0:1','Mozilla/5.0 (Macintosh; Intel Mac OS X 10_12_5) AppleWebKit/537.36 (KHTML, like Gecko) Chrome/58.0.3029.110 Safari/537.36','/cms/none','GET','',''),('03a6984a0691429aae7316862c67c828','1','学校管理-宿舍管理-宿舍管理','1','2017-06-01 10:42:55','0:0:0:0:0:0:0:1','Mozilla/5.0 (Windows NT 6.1; WOW64) AppleWebKit/537.36 (KHTML, like Gecko) Chrome/58.0.3029.110 Safari/537.36','/dorm/dorm','GET','',''),('03a8909147de4f2aa8488e9b8e911cb5','1','代码生成-代码生成-生成方案配置','1','2017-06-01 12:40:03','0:0:0:0:0:0:0:1','Mozilla/5.0 (Windows NT 6.1; WOW64) AppleWebKit/537.36 (KHTML, like Gecko) Chrome/57.0.2987.133 Safari/537.36','/gen/genScheme','GET','',''),('03dd7baeab50467381fd253a746bd133','1','系统设置-机构用户-机构管理','1','2017-05-31 17:25:43','0:0:0:0:0:0:0:1','Mozilla/5.0 (Windows NT 6.1; WOW64; rv:53.0) Gecko/20100101 Firefox/53.0','/sys/office/','GET','',''),('03e3b6e3e2c34fb69b9397728f4f22b3','1','系统登录','1','2017-05-31 16:01:39','0:0:0:0:0:0:0:1','Mozilla/5.0 (Windows NT 6.1; WOW64) AppleWebKit/537.36 (KHTML, like Gecko) Chrome/57.0.2987.133 Safari/537.36','/','GET','login=',''),('03e8832292f848169a2dfffcdf7f989c','1','系统设置-机构用户-用户管理','1','2017-05-31 09:35:33','0:0:0:0:0:0:0:1','Mozilla/5.0 (Macintosh; Intel Mac OS X 10_12_5) AppleWebKit/537.36 (KHTML, like Gecko) Chrome/58.0.3029.110 Safari/537.36','/sys/user/index','GET','',''),('03ea6b5dfe5640c0acc80022d922fcc9','1','系统设置-机构用户-用户管理-查看','1','2017-05-31 15:10:06','0:0:0:0:0:0:0:1','Mozilla/5.0 (Windows NT 6.1; WOW64) AppleWebKit/537.36 (KHTML, like Gecko) Chrome/58.0.3029.110 Safari/537.36','/sys/user/list','GET','',''),('0405893b590644678361567767b6059a','1','代码生成-代码生成-生成方案配置','1','2017-05-31 14:58:20','0:0:0:0:0:0:0:1','Mozilla/5.0 (Windows NT 6.1; WOW64; rv:53.0) Gecko/20100101 Firefox/53.0','/gen/genScheme','GET','',''),('04101ba6e0a54b438d1a8ba61d5b5b62','1','系统设置-机构用户-机构管理-查看','1','2017-05-31 14:19:22','0:0:0:0:0:0:0:1','Mozilla/5.0 (Windows NT 6.1; WOW64) AppleWebKit/537.36 (KHTML, like Gecko) Chrome/58.0.3029.110 Safari/537.36','/sys/office/list','GET','parentIds=0,1,7,&id=7',''),('04141479db8140598721e62cad03ddf3','1','学校管理-系统基础-系统基础类型','1','2017-06-01 11:02:46','0:0:0:0:0:0:0:1','Mozilla/5.0 (Windows NT 6.1; WOW64; rv:53.0) Gecko/20100101 Firefox/53.0','/commonsType/commonsType/','GET','',''),('042256e525b148abb2f6add92200828f','1','系统设置-机构用户-用户管理','1','2017-05-31 19:30:11','0:0:0:0:0:0:0:1','Mozilla/5.0 (Windows NT 6.1; WOW64; rv:53.0) Gecko/20100101 Firefox/53.0','/sys/user/index','GET','',''),('04236e6ed11f4a0898f5a737e93ded7d','1','通知通告-通知通告-我的通告','1','2017-06-01 12:38:59','0:0:0:0:0:0:0:1','Mozilla/5.0 (Windows NT 6.1; WOW64) AppleWebKit/537.36 (KHTML, like Gecko) Chrome/57.0.2987.133 Safari/537.36','/oa/oaNotify/self','GET','',''),('04248b9f50b0444cb5a393e6cace9246','1','内容管理-内容管理-内容发布-文章模型','1','2017-05-31 14:25:10','0:0:0:0:0:0:0:1','Mozilla/5.0 (Windows NT 6.1; WOW64) AppleWebKit/537.36 (KHTML, like Gecko) Chrome/58.0.3029.110 Safari/537.36','/cms/article/','GET','category.id=4',''),('044409b4f8dd4ba58d105410b47e8d8e','1','学校管理-教务管理-班级管理','1','2017-06-01 10:13:04','0:0:0:0:0:0:0:1','Mozilla/5.0 (Windows NT 6.1; WOW64) AppleWebKit/537.36 (KHTML, like Gecko) Chrome/57.0.2987.133 Safari/537.36','/schoolClass/schoolClass/','GET','',''),('04483c55824a410f81de381cd16c591e','1','代码生成-代码生成-业务表配置','1','2017-06-01 10:14:51','0:0:0:0:0:0:0:1','Mozilla/5.0 (Windows NT 6.1; WOW64; rv:53.0) Gecko/20100101 Firefox/53.0','/gen/genTable','GET','',''),('04671430afc142aba07f99a7873f7ce4','1','学校管理-系统基础-系统基础类型','1','2017-06-01 10:30:24','0:0:0:0:0:0:0:1','Mozilla/5.0 (Windows NT 6.1; WOW64; rv:53.0) Gecko/20100101 Firefox/53.0','/commonsType/commonsType/','GET','',''),('0470f65beb0c4714a08515b2ec50d168','2','通知通告-通知通告-我的通告','1','2017-06-01 12:48:28','0:0:0:0:0:0:0:1','Mozilla/5.0 (Macintosh; Intel Mac OS X 10_12_5) AppleWebKit/537.36 (KHTML, like Gecko) Chrome/58.0.3029.110 Safari/537.36','/oa/oaNotify/self','GET','','org.apache.jasper.JasperException: An exception occurred processing JSP page /WEB-INF/views/modules/sys/oaNotifyList.jsp at line 29\n\n26: 		<input id=\"pageSize\" name=\"pageSize\" type=\"hidden\" value=\"${page.pageSize}\"/>\n27: 		<ul class=\"ul-form\">\n28: 			<li><label>标题：</label>\n29: 				<form:input path=\"title\" htmlEscape=\"false\" maxlength=\"200\" class=\"input-medium\"/>\n30: 			</li>\n31: 			<li><label>类型：</label>\n32: 				<form:select path=\"type\" class=\"input-medium\">\n\n\nStacktrace:\n	at org.apache.jasper.servlet.JspServletWrapper.handleJspException(JspServletWrapper.java:584)\n	at org.apache.jasper.servlet.JspServletWrapper.service(JspServletWrapper.java:476)\n	at org.apache.jasper.servlet.JspServlet.serviceJspFile(JspServlet.java:385)\n	at org.apache.jasper.servlet.JspServlet.service(JspServlet.java:329)\n	at org.eclipse.jetty.jsp.JettyJspServlet.service(JettyJspServlet.java:112)\n	at javax.servlet.http.HttpServlet.service(HttpServlet.java:790)\n	at org.eclipse.jetty.servlet.ServletHolder.handle(ServletHolder.java:841)\n	at org.eclipse.jetty.servlet.ServletHandler.doHandle(ServletHandler.java:535)\n	at org.eclipse.jetty.server.handler.ScopedHandler.handle(ScopedHandler.java:143)\n	at org.eclipse.jetty.security.SecurityHandler.handle(SecurityHandler.java:566)\n	at org.eclipse.jetty.server.handler.HandlerWrapper.handle(HandlerWrapper.java:132)\n	at org.eclipse.jetty.server.handler.ScopedHandler.nextHandle(ScopedHandler.java:190)\n	at org.eclipse.jetty.server.session.SessionHandler.doHandle(SessionHandler.java:1595)\n	at org.eclipse.jetty.server.handler.ScopedHandler.nextHandle(ScopedHandler.java:188)\n	at org.eclipse.jetty.server.handler.ContextHandler.doHandle(ContextHandler.java:1253)\n	at org.eclipse.jetty.server.handler.ScopedHandler.nextScope(ScopedHandler.java:168)\n	at org.eclipse.jetty.servlet.ServletHandler.doScope(ServletHandler.java:473)\n	at org.eclipse.jetty.server.session.SessionHandler.doScope(SessionHandler.java:1564)\n	at org.eclipse.jetty.server.handler.ScopedHandler.nextScope(ScopedHandler.java:166)\n	at org.eclipse.jetty.server.handler.ContextHandler.doScope(ContextHandler.java:1155)\n	at org.eclipse.jetty.server.handler.ScopedHandler.handle(ScopedHandler.java:141)\n	at org.eclipse.jetty.server.Dispatcher.forward(Dispatcher.java:203)\n	at org.eclipse.jetty.server.Dispatcher.forward(Dispatcher.java:73)\n	at org.springframework.web.servlet.view.InternalResourceView.renderMergedOutputModel(InternalResourceView.java:168)\n	at org.springframework.web.servlet.view.AbstractView.render(AbstractView.java:303)\n	at org.springframework.web.servlet.DispatcherServlet.render(DispatcherServlet.java:1243)\n	at org.springframework.web.servlet.DispatcherServlet.processDispatchResult(DispatcherServlet.java:1027)\n	at org.springframework.web.servlet.DispatcherServlet.doDispatch(DispatcherServlet.java:971)\n	at org.springframework.web.servlet.DispatcherServlet.doService(DispatcherServlet.java:893)\n	at org.springframework.web.servlet.FrameworkServlet.processRequest(FrameworkServlet.java:969)\n	at org.springframework.web.servlet.FrameworkServlet.doGet(FrameworkServlet.java:860)\n	at javax.servlet.http.HttpServlet.service(HttpServlet.java:687)\n	at org.springframework.web.servlet.FrameworkServlet.service(FrameworkServlet.java:845)\n	at javax.servlet.http.HttpServlet.service(HttpServlet.java:790)\n	at org.eclipse.jetty.servlet.ServletHolder.handle(ServletHolder.java:841)\n	at org.eclipse.jetty.servlet.ServletHandler$CachedChain.doFilter(ServletHandler.java:1650)\n	at org.eclipse.jetty.websocket.server.WebSocketUpgradeFilter.doFilter(WebSocketUpgradeFilter.java:206)\n	at org.eclipse.jetty.servlet.ServletHandler$CachedChain.doFilter(ServletHandler.java:1637)\n	at com.alibaba.druid.support.http.WebStatFilter.doFilter(WebStatFilter.java:123)\n	at org.eclipse.jetty.servlet.ServletHandler$CachedChain.doFilter(ServletHandler.java:1637)\n	at com.opensymphony.sitemesh.webapp.SiteMeshFilter.obtainContent(SiteMeshFilter.java:129)\n	at com.opensymphony.sitemesh.webapp.SiteMeshFilter.doFilter(SiteMeshFilter.java:77)\n	at org.eclipse.jetty.servlet.ServletHandler$CachedChain.doFilter(ServletHandler.java:1637)\n	at org.apache.shiro.web.servlet.ProxiedFilterChain.doFilter(ProxiedFilterChain.java:61)\n	at org.apache.shiro.web.servlet.AdviceFilter.executeChain(AdviceFilter.java:108)\n	at org.apache.shiro.web.servlet.AdviceFilter.doFilterInternal(AdviceFilter.java:137)\n	at org.apache.shiro.web.servlet.OncePerRequestFilter.doFilter(OncePerRequestFilter.java:125)\n	at org.apache.shiro.web.servlet.ProxiedFilterChain.doFilter(ProxiedFilterChain.java:66)\n	at org.apache.shiro.web.servlet.AbstractShiroFilter.executeChain(AbstractShiroFilter.java:449)\n	at org.apache.shiro.web.servlet.AbstractShiroFilter$1.call(AbstractShiroFilter.java:365)\n	at org.apache.shiro.subject.support.SubjectCallable.doCall(SubjectCallable.java:90)\n	at org.apache.shiro.subject.support.SubjectCallable.call(SubjectCallable.java:83)\n	at org.apache.shiro.subject.support.DelegatingSubject.execute(DelegatingSubject.java:383)\n	at org.apache.shiro.web.servlet.AbstractShiroFilter.doFilterInternal(AbstractShiroFilter.java:362)\n	at org.apache.shiro.web.servlet.OncePerRequestFilter.doFilter(OncePerRequestFilter.java:125)\n	at org.springframework.web.filter.DelegatingFilterProxy.invokeDelegate(DelegatingFilterProxy.java:346)\n	at org.springframework.web.filter.DelegatingFilterProxy.doFilter(DelegatingFilterProxy.java:262)\n	at org.eclipse.jetty.servlet.ServletHandler$CachedChain.doFilter(ServletHandler.java:1637)\n	at org.springframework.web.filter.CharacterEncodingFilter.doFilterInternal(CharacterEncodingFilter.java:121)\n	at org.springframework.web.filter.OncePerRequestFilter.doFilter(OncePerRequestFilter.java:107)\n	at org.eclipse.jetty.servlet.ServletHandler$CachedChain.doFilter(ServletHandler.java:1629)\n	at org.eclipse.jetty.servlet.ServletHandler.doHandle(ServletHandler.java:533)\n	at org.eclipse.jetty.server.handler.ScopedHandler.handle(ScopedHandler.java:143)\n	at org.eclipse.jetty.security.SecurityHandler.handle(SecurityHandler.java:548)\n	at org.eclipse.jetty.server.handler.HandlerWrapper.handle(HandlerWrapper.java:132)\n	at org.eclipse.jetty.server.handler.ScopedHandler.nextHandle(ScopedHandler.java:190)\n	at org.eclipse.jetty.server.session.SessionHandler.doHandle(SessionHandler.java:1595)\n	at org.eclipse.jetty.server.handler.ScopedHandler.nextHandle(ScopedHandler.java:188)\n	at org.eclipse.jetty.server.handler.ContextHandler.doHandle(ContextHandler.java:1253)\n	at org.eclipse.jetty.server.handler.ScopedHandler.nextScope(ScopedHandler.java:168)\n	at org.eclipse.jetty.servlet.ServletHandler.doScope(ServletHandler.java:473)\n	at org.eclipse.jetty.server.session.SessionHandler.doScope(SessionHandler.java:1564)\n	at org.eclipse.jetty.server.handler.ScopedHandler.nextScope(ScopedHandler.java:166)\n	at org.eclipse.jetty.server.handler.ContextHandler.doScope(ContextHandler.java:1155)\n	at org.eclipse.jetty.server.handler.ScopedHandler.handle(ScopedHandler.java:141)\n	at org.eclipse.jetty.server.handler.ContextHandlerCollection.handle(ContextHandlerCollection.java:219)\n	at org.eclipse.jetty.server.handler.HandlerCollection.handle(HandlerCollection.java:126)\n	at org.eclipse.jetty.server.handler.HandlerWrapper.handle(HandlerWrapper.java:132)\n	at org.eclipse.jetty.server.Server.handle(Server.java:564)\n	at org.eclipse.jetty.server.HttpChannel.handle(HttpChannel.java:317)\n	at org.eclipse.jetty.server.HttpConnection.onFillable(HttpConnection.java:251)\n	at org.eclipse.jetty.io.AbstractConnection$ReadCallback.succeeded(AbstractConnection.java:279)\n	at org.eclipse.jetty.io.FillInterest.fillable(FillInterest.java:110)\n	at org.eclipse.jetty.io.ChannelEndPoint$2.run(ChannelEndPoint.java:124)\n	at org.eclipse.jetty.util.thread.Invocable.invokePreferred(Invocable.java:128)\n	at org.eclipse.jetty.util.thread.Invocable$InvocableExecutor.invoke(Invocable.java:222)\n	at org.eclipse.jetty.util.thread.strategy.EatWhatYouKill.doProduce(EatWhatYouKill.java:294)\n	at org.eclipse.jetty.util.thread.strategy.EatWhatYouKill.run(EatWhatYouKill.java:199)\n	at org.eclipse.jetty.util.thread.QueuedThreadPool.runJob(QueuedThreadPool.java:672)\n	at org.eclipse.jetty.util.thread.QueuedThreadPool$2.run(QueuedThreadPool.java:590)\n	at java.lang.Thread.run(Thread.java:745)\nCaused by: java.lang.IllegalStateException: Neither BindingResult nor plain target object for bean name \'oaNotify\' available as request attribute\n	at org.springframework.web.servlet.support.BindStatus.<init>(BindStatus.java:144)\n	at org.springframework.web.servlet.tags.form.AbstractDataBoundFormElementTag.getBindStatus(AbstractDataBoundFormElementTag.java:168)\n	at org.springframework.web.servlet.tags.form.AbstractDataBoundFormElementTag.getPropertyPath(AbstractDataBoundFormElementTag.java:188)\n	at org.springframework.web.servlet.tags.form.AbstractDataBoundFormElementTag.getName(AbstractDataBoundFormElementTag.java:154)\n	at org.springframework.web.servlet.tags.form.AbstractDataBoundFormElementTag.autogenerateId(AbstractDataBoundFormElementTag.java:141)\n	at org.springframework.web.servlet.tags.form.AbstractDataBoundFormElementTag.resolveId(AbstractDataBoundFormElementTag.java:132)\n	at org.springframework.web.servlet.tags.form.AbstractDataBoundFormElementTag.writeDefaultAttributes(AbstractDataBoundFormElementTag.java:116)\n	at org.springframework.web.servlet.tags.form.AbstractHtmlElementTag.writeDefaultAttributes(AbstractHtmlElementTag.java:422)\n	at org.springframework.web.servlet.tags.form.InputTag.writeTagContent(InputTag.java:142)\n	at org.springframework.web.servlet.tags.form.AbstractFormTag.doStartTagInternal(AbstractFormTag.java:84)\n	at org.springframework.web.servlet.tags.RequestContextAwareTag.doStartTag(RequestContextAwareTag.java:80)\n	at org.apache.jsp.WEB_002dINF.views.modules.sys.oaNotifyList_jsp._jspx_meth_form_005finput_005f0(oaNotifyList_jsp.java:521)\n	at org.apache.jsp.WEB_002dINF.views.modules.sys.oaNotifyList_jsp._jspService(oaNotifyList_jsp.java:246)\n	at org.apache.jasper.runtime.HttpJspBase.service(HttpJspBase.java:70)\n	at javax.servlet.http.HttpServlet.service(HttpServlet.java:790)\n	at org.apache.jasper.servlet.JspServletWrapper.service(JspServletWrapper.java:443)\n	... 89 more\n'),('0472cce1ebcb44ce966d73e49e589ebb','1','代码生成-代码生成-生成方案配置','1','2017-06-01 14:48:12','0:0:0:0:0:0:0:1','Mozilla/5.0 (Windows NT 6.1; WOW64; rv:53.0) Gecko/20100101 Firefox/53.0','/gen/genScheme','GET','',''),('0473c32712a345f7b5f1dd488c0346e1','1','系统设置-系统设置-菜单管理-修改','1','2017-06-01 10:35:56','0:0:0:0:0:0:0:1','Mozilla/5.0 (Windows NT 6.1; WOW64; rv:53.0) Gecko/20100101 Firefox/53.0','/sys/menu/save','POST','parent.name=系统基础&name=系统基础类型&icon=&parent.id=f0fd0f607e824b4ea485e9e6d4e4695c&permission=commonstype:commonsType:view,commonstype:commonsType:edit&id=48ffe87359f440bab07604ea485de9ef&href=/commonsType/commonsType/&sort=40&remarks=&target=&isShow=1',''),('0477f5ea0c5243dab1c52440b9fa4f5c','1','学校管理-招生管理-生源管理','1','2017-06-01 11:37:02','0:0:0:0:0:0:0:1','Mozilla/5.0 (Windows NT 6.1; WOW64; rv:53.0) Gecko/20100101 Firefox/53.0','/enroll/studentEnroll/','GET','',''),('049c79e2ca274a6896c1920445b031a4','1','我的面板-个人信息-个人信息','1','2017-05-31 13:57:43','0:0:0:0:0:0:0:1','Mozilla/5.0 (Windows NT 6.1; WOW64) AppleWebKit/537.36 (KHTML, like Gecko) Chrome/57.0.2987.133 Safari/537.36','/sys/user/info','GET','',''),('049f8b93d0aa4342ba40aea744b4a944','1','系统设置-机构用户-用户管理','1','2017-05-31 15:42:50','0:0:0:0:0:0:0:1','Mozilla/5.0 (Windows NT 6.1; WOW64; rv:53.0) Gecko/20100101 Firefox/53.0','/sys/user/index','GET','',''),('04b6ae59b0f84c0ab24e68e5ed9b6f6f','1','代码生成-代码生成-业务表配置','1','2017-06-01 09:55:34','0:0:0:0:0:0:0:1','Mozilla/5.0 (Windows NT 6.1; WOW64; rv:53.0) Gecko/20100101 Firefox/53.0','/gen/genTable','GET','',''),('04c9b0a6769749578937f9beaf7134ff','1','我的面板-个人信息-个人信息','1','2017-05-31 15:19:20','127.0.0.1','Mozilla/5.0 (Windows NT 6.1; WOW64; rv:53.0) Gecko/20100101 Firefox/53.0','/sys/user/info','GET','',''),('04cd0ce27fc34dc9ba77dd5fdaee742c','1','学校管理-客户管理-客户来源','1','2017-06-01 10:56:09','0:0:0:0:0:0:0:1','Mozilla/5.0 (Windows NT 6.1; WOW64; rv:53.0) Gecko/20100101 Firefox/53.0','/customerresource/customerResource/','GET','',''),('04ed54431ec245c8bb4e90a634a9c787','1','系统设置-系统设置-菜单管理','1','2017-06-01 09:39:13','0:0:0:0:0:0:0:1','Mozilla/5.0 (Windows NT 6.1; WOW64) AppleWebKit/537.36 (KHTML, like Gecko) Chrome/57.0.2987.133 Safari/537.36','/sys/menu/','GET','',''),('04f283e2d2ee4e85a9eddbf3dba1c5bf','1','系统设置-机构用户-用户管理-查看','1','2017-06-01 09:30:36','0:0:0:0:0:0:0:1','Mozilla/5.0 (Windows NT 6.1; WOW64) AppleWebKit/537.36 (KHTML, like Gecko) Chrome/58.0.3029.110 Safari/537.36','/sys/user/list','GET','',''),('04fc7d7966e9422ea89661ab9c939e41','1','系统设置-机构用户-用户管理','1','2017-06-01 11:30:47','0:0:0:0:0:0:0:1','Mozilla/5.0 (Windows NT 6.1; WOW64; rv:53.0) Gecko/20100101 Firefox/53.0','/sys/user/index','GET','',''),('05009f70c7c44d8c889381970a76823b','1','代码生成-代码生成-生成方案配置','1','2017-06-01 09:30:25','0:0:0:0:0:0:0:1','Mozilla/5.0 (Windows NT 6.1; WOW64; rv:53.0) Gecko/20100101 Firefox/53.0','/gen/genScheme','GET','',''),('0508bb0fd0c54f4b90ce91e4a0482abd','1','我的面板-个人信息-个人信息','1','2017-05-31 15:33:00','0:0:0:0:0:0:0:1','Mozilla/5.0 (Windows NT 6.1; WOW64) AppleWebKit/537.36 (KHTML, like Gecko) Chrome/57.0.2987.133 Safari/537.36','/sys/user/info','GET','',''),('0515e364fb3145e982267dd80f71dbcd','1','学校管理-招生管理-生源管理','1','2017-06-01 11:04:10','127.0.0.1','Mozilla/5.0 (Windows NT 6.1; WOW64; rv:53.0) Gecko/20100101 Firefox/53.0','/enroll/studentEnroll/','GET','',''),('0535e6e7a0144635b35607fc34daa5a3','1','代码生成-代码生成-业务表配置','1','2017-06-01 09:39:55','0:0:0:0:0:0:0:1','Mozilla/5.0 (Windows NT 6.1; WOW64; rv:53.0) Gecko/20100101 Firefox/53.0','/gen/genTable','GET','',''),('053c30f3c591427ab341b62aeb5da074','1','系统设置-系统设置-菜单管理-查看','1','2017-06-01 12:04:43','0:0:0:0:0:0:0:1','Mozilla/5.0 (Windows NT 6.1; WOW64) AppleWebKit/537.36 (KHTML, like Gecko) Chrome/58.0.3029.110 Safari/537.36','/sys/menu/form','GET','id=34412bc67fc143c3976a734c2f9f1730',''),('054227b2adde4ca592f355adec1ca41f','1','系统设置-系统设置-角色管理','1','2017-05-31 15:19:28','0:0:0:0:0:0:0:1','Mozilla/5.0 (Windows NT 6.1; WOW64) AppleWebKit/537.36 (KHTML, like Gecko) Chrome/58.0.3029.110 Safari/537.36','/sys/role/','GET','',''),('054402b1df2e44ed808bf70ac0d1378a','1','代码生成-代码生成-生成方案配置','1','2017-06-01 09:24:51','0:0:0:0:0:0:0:1','Mozilla/5.0 (Windows NT 6.1; WOW64) AppleWebKit/537.36 (KHTML, like Gecko) Chrome/57.0.2987.133 Safari/537.36','/gen/genScheme','GET','',''),('05482c5de33c456a889b9f1cae737f34','1','系统设置-机构用户-用户管理','1','2017-06-01 09:21:03','0:0:0:0:0:0:0:1','Mozilla/5.0 (Windows NT 6.1; WOW64; rv:53.0) Gecko/20100101 Firefox/53.0','/sys/user/index','GET','',''),('05506c65b2214dbb97cc905d2d5c48e1','1','系统设置-机构用户-用户管理','1','2017-06-01 10:30:15','0:0:0:0:0:0:0:1','Mozilla/5.0 (Windows NT 6.1; WOW64; rv:53.0) Gecko/20100101 Firefox/53.0','/sys/user/index','GET','',''),('05618da1ed474e65aa55a9af87afe2f7','1','系统设置-系统设置-菜单管理-查看','1','2017-06-01 10:47:17','0:0:0:0:0:0:0:1','Mozilla/5.0 (Windows NT 6.1; WOW64) AppleWebKit/537.36 (KHTML, like Gecko) Chrome/58.0.3029.110 Safari/537.36','/sys/menu/form','GET','id=34412bc67fc143c3976a734c2f9f1730',''),('05643889e1bd48fbbe2613cca11c0a96','1','学校管理-财务设置-财务科目设置','1','2017-06-01 09:52:41','0:0:0:0:0:0:0:1','Mozilla/5.0 (Windows NT 6.1; WOW64) AppleWebKit/537.36 (KHTML, like Gecko) Chrome/58.0.3029.110 Safari/537.36','/finacetype/finaceType/','GET','',''),('0568cb3fe61c44cfa34d7daf01489aab','1','系统设置-系统设置-菜单管理-查看','1','2017-06-01 09:32:09','0:0:0:0:0:0:0:1','Mozilla/5.0 (Windows NT 6.1; WOW64; rv:53.0) Gecko/20100101 Firefox/53.0','/sys/menu/form','GET','id=371f59e76557487bafaed043fabd40da',''),('05849c8acfc8475dbef71cdc8bbf5a42','1','在线办公-通知通告-我的通告','1','2017-05-31 11:52:57','0:0:0:0:0:0:0:1','Mozilla/5.0 (Windows NT 6.1; WOW64) AppleWebKit/537.36 (KHTML, like Gecko) Chrome/58.0.3029.110 Safari/537.36','/oa/oaNotify/self','GET','',''),('059ab8eee30e449ea396eea22a0a090a','1','系统设置-机构用户-用户管理-查看','1','2017-05-31 16:33:49','0:0:0:0:0:0:0:1','Mozilla/5.0 (Windows NT 6.1; WOW64) AppleWebKit/537.36 (KHTML, like Gecko) Chrome/57.0.2987.133 Safari/537.36','/sys/user/form','GET','',''),('05bfa3d2e17144c69110307e91dad8f9','1','系统设置-机构用户-用户管理-查看','1','2017-06-01 10:00:12','0:0:0:0:0:0:0:1','Mozilla/5.0 (Windows NT 6.1; WOW64; rv:53.0) Gecko/20100101 Firefox/53.0','/sys/user/list','GET','',''),('05d4544a96a2455baef93d84104ec3f1','1','学校管理-教学管理-请假管理','1','2017-06-01 09:14:26','0:0:0:0:0:0:0:1','Mozilla/5.0 (Windows NT 6.1; WOW64; rv:53.0) Gecko/20100101 Firefox/53.0','/schoolleave/schoolLeave/','GET','',''),('05e3e1b1a95640ab81c611bacc8faef4','1','系统设置-系统设置-菜单管理','1','2017-06-01 09:23:26','0:0:0:0:0:0:0:1','Mozilla/5.0 (Windows NT 6.1; WOW64; rv:53.0) Gecko/20100101 Firefox/53.0','/sys/menu/','GET','',''),('05fd30d39dad4b51b8c04c3ae9b01236','1','系统设置-系统设置-菜单管理','1','2017-06-01 11:59:30','0:0:0:0:0:0:0:1','Mozilla/5.0 (Windows NT 6.1; WOW64; rv:53.0) Gecko/20100101 Firefox/53.0','/sys/menu/','GET','',''),('060ea3b703c44600b8632cfb33ca8f98','1','学校管理-教务管理-班级管理','1','2017-06-01 13:07:47','0:0:0:0:0:0:0:1','Mozilla/5.0 (Windows NT 6.1; WOW64) AppleWebKit/537.36 (KHTML, like Gecko) Chrome/57.0.2987.133 Safari/537.36','/school/schoolClass/','GET','',''),('060f99c424e04b3f961489cfaaa42293','1','学校管理-系统基础-系统基础类型','1','2017-06-01 11:15:23','0:0:0:0:0:0:0:1','Mozilla/5.0 (Windows NT 6.1; WOW64; rv:53.0) Gecko/20100101 Firefox/53.0','/commonstype/commonsType/','GET','',''),('0633be2d976e41b7a78d8bf9e3155f3d','1','代码生成-代码生成-生成方案配置','1','2017-05-31 15:17:27','0:0:0:0:0:0:0:1','Mozilla/5.0 (Windows NT 6.1; WOW64; rv:53.0) Gecko/20100101 Firefox/53.0','/gen/genScheme','GET','',''),('063f20f1d649421a926e419359a397b0','1','学校管理-教务管理-课程管理','1','2017-06-01 10:13:02','0:0:0:0:0:0:0:1','Mozilla/5.0 (Windows NT 6.1; WOW64) AppleWebKit/537.36 (KHTML, like Gecko) Chrome/57.0.2987.133 Safari/537.36','/schoollesson/schoolClassLesson/','GET','',''),('064f6422012a4ad885800c9bfcd9ff8c','1','系统设置-系统设置-菜单管理','1','2017-06-01 11:26:42','0:0:0:0:0:0:0:1','Mozilla/5.0 (Windows NT 6.1; WOW64; rv:53.0) Gecko/20100101 Firefox/53.0','/sys/menu/','GET','',''),('065b6742a48940f89d6047b263c65db4','1','通知通告-通知通告-我的通告','1','2017-06-01 10:21:32','0:0:0:0:0:0:0:1','Mozilla/5.0 (Macintosh; Intel Mac OS X 10_12_5) AppleWebKit/537.36 (KHTML, like Gecko) Chrome/58.0.3029.110 Safari/537.36','/oa/oaNotify/self','GET','',''),('065ea8a596044f849e51cefabcd501ae','1','代码生成-代码生成-业务表配置','1','2017-06-01 14:35:07','0:0:0:0:0:0:0:1','Mozilla/5.0 (Windows NT 6.1; WOW64) AppleWebKit/537.36 (KHTML, like Gecko) Chrome/58.0.3029.110 Safari/537.36','/gen/genTable','GET','',''),('067679cf94954ad7849acbe4c7429b5e','1','学校管理-招生管理-生源管理','1','2017-06-01 11:49:47','0:0:0:0:0:0:0:1','Mozilla/5.0 (Windows NT 6.1; WOW64) AppleWebKit/537.36 (KHTML, like Gecko) Chrome/58.0.3029.110 Safari/537.36','/enroll/studentEnroll/','GET','',''),('067858211eec4856ba6a8ca27583bde5','1','代码生成-代码生成-业务表配置','1','2017-06-01 13:48:26','0:0:0:0:0:0:0:1','Mozilla/5.0 (Windows NT 6.1; WOW64; rv:53.0) Gecko/20100101 Firefox/53.0','/gen/genTable','GET','',''),('067984c96ad840508355c1ad4a2b076c','1','内容管理-内容管理-内容发布','1','2017-05-31 13:34:05','0:0:0:0:0:0:0:1','Mozilla/5.0 (Windows NT 6.1; WOW64) AppleWebKit/537.36 (KHTML, like Gecko) Chrome/58.0.3029.110 Safari/537.36','/cms/','GET','',''),('067f86f06e1441009b7f6d3f6d8ae8f0','1','系统设置-系统设置-字典管理','1','2017-06-01 09:29:04','0:0:0:0:0:0:0:1','Mozilla/5.0 (Windows NT 6.1; WOW64) AppleWebKit/537.36 (KHTML, like Gecko) Chrome/58.0.3029.110 Safari/537.36','/sys/dict/','GET','',''),('069098938a6f4fc0aaebc8ec8a120032','1','代码生成-代码生成-业务表配置','1','2017-05-31 16:45:15','0:0:0:0:0:0:0:1','Mozilla/5.0 (Windows NT 6.1; WOW64) AppleWebKit/537.36 (KHTML, like Gecko) Chrome/58.0.3029.110 Safari/537.36','/gen/genTable','GET','',''),('06950f3583914ad8a41314bdb6affeeb','1','学校管理-教学管理-请假管理','1','2017-06-01 09:36:49','0:0:0:0:0:0:0:1','Mozilla/5.0 (Windows NT 6.1; WOW64) AppleWebKit/537.36 (KHTML, like Gecko) Chrome/58.0.3029.110 Safari/537.36','/schoolleave/schoolLeave/','GET','',''),('06977a3aeadc48398f770f04a8130cf5','1','内容管理-内容管理','1','2017-05-31 14:25:23','0:0:0:0:0:0:0:1','Mozilla/5.0 (Windows NT 6.1; WOW64; rv:53.0) Gecko/20100101 Firefox/53.0','/cms/tree','GET','',''),('06c1706981834037b2ee9f08d2c84dc3','1','代码生成-代码生成-业务表配置','1','2017-06-01 13:40:17','0:0:0:0:0:0:0:1','Mozilla/5.0 (Windows NT 6.1; WOW64; rv:53.0) Gecko/20100101 Firefox/53.0','/gen/genTable','GET','',''),('06ce26d6b4f4456788720165a1bb86a5','1','系统登录','1','2017-06-01 10:22:55','0:0:0:0:0:0:0:1','Mozilla/5.0 (Windows NT 6.1; WOW64; rv:53.0) Gecko/20100101 Firefox/53.0','/','GET','login=',''),('06d3f26498d7486c88696828751288f5','1','系统设置-机构用户-用户管理','1','2017-06-01 09:50:55','0:0:0:0:0:0:0:1','Mozilla/5.0 (Windows NT 6.1; WOW64) AppleWebKit/537.36 (KHTML, like Gecko) Chrome/58.0.3029.110 Safari/537.36','/sys/user/index','GET','',''),('06d78374792c4b6d806a5a387e94aa93','1','学校管理-宿舍管理-宿舍管理','1','2017-06-01 14:43:50','0:0:0:0:0:0:0:1','Mozilla/5.0 (Windows NT 6.1; WOW64) AppleWebKit/537.36 (KHTML, like Gecko) Chrome/58.0.3029.110 Safari/537.36','/erpdorm/erpDorm/','GET','',''),('06ed1b41c5d9462284c750309f4c988b','1','系统设置-系统设置-菜单管理','1','2017-05-31 15:48:36','0:0:0:0:0:0:0:1','Mozilla/5.0 (Windows NT 6.1; WOW64; rv:53.0) Gecko/20100101 Firefox/53.0','/sys/menu/','GET','',''),('06f413f25c50448eb8a7da4359127ade','1','学校管理-招生管理-生源管理','1','2017-06-01 10:35:59','0:0:0:0:0:0:0:1','Mozilla/5.0 (Macintosh; Intel Mac OS X 10_12_5) AppleWebKit/537.36 (KHTML, like Gecko) Chrome/58.0.3029.110 Safari/537.36','/enroll/studentEnroll/','GET','',''),('06fcd66476944fb8ab0441aa0b1bd6a8','1','系统登录','1','2017-06-01 10:05:01','0:0:0:0:0:0:0:1','Mozilla/5.0 (Windows NT 6.1; WOW64) AppleWebKit/537.36 (KHTML, like Gecko) Chrome/58.0.3029.110 Safari/537.36','/','GET','',''),('06ffafda5fdd44199ebb7fd13619a9e5','1','我的面板-个人信息-修改密码','1','2017-05-31 14:25:47','0:0:0:0:0:0:0:1','Mozilla/5.0 (Windows NT 6.1; WOW64; rv:53.0) Gecko/20100101 Firefox/53.0','/sys/user/modifyPwd','GET','',''),('071b4fb4201246918151c183abe6a948','1','学校管理-招生管理-开班计划','1','2017-06-01 09:55:46','0:0:0:0:0:0:0:1','Mozilla/5.0 (Windows NT 6.1; WOW64; rv:53.0) Gecko/20100101 Firefox/53.0','/communication/studentCommunication/','GET','',''),('0722274762844e1989457607c107e61c','1','代码生成-代码生成-生成方案配置','1','2017-05-31 18:27:59','0:0:0:0:0:0:0:1','Mozilla/5.0 (Windows NT 6.1; WOW64; rv:53.0) Gecko/20100101 Firefox/53.0','/gen/genScheme','GET','',''),('07671ad4d429418f9f6281cf53b2004a','1','系统设置-机构用户-用户管理','1','2017-06-01 09:59:45','0:0:0:0:0:0:0:1','Mozilla/5.0 (Windows NT 6.1; WOW64; rv:53.0) Gecko/20100101 Firefox/53.0','/sys/user/index','GET','',''),('076a5e0de8a04134bf6fa1223150ff5d','1','系统设置-系统设置-菜单管理-查看','1','2017-05-31 15:48:57','0:0:0:0:0:0:0:1','Mozilla/5.0 (Windows NT 6.1; WOW64) AppleWebKit/537.36 (KHTML, like Gecko) Chrome/58.0.3029.110 Safari/537.36','/sys/menu/form','GET','id=bc11233542d8412c8719c4f2c36097a5',''),('07776526bbe74f23a395c5b182041281','1','系统设置-机构用户-用户管理-查看','1','2017-05-31 19:14:54','127.0.0.1','Mozilla/5.0 (Windows NT 6.1; WOW64; rv:53.0) Gecko/20100101 Firefox/53.0','/sys/user/list','GET','',''),('07809ab537c64085984f1975da6fdf36','1','系统设置-机构用户-用户管理','1','2017-05-31 18:11:34','0:0:0:0:0:0:0:1','Mozilla/5.0 (Windows NT 6.1; WOW64; rv:53.0) Gecko/20100101 Firefox/53.0','/sys/user/index','GET','',''),('078ab9d39f6248d5aca4482d4e48d9e1','1','我的面板-个人信息-个人信息','1','2017-05-31 15:38:20','0:0:0:0:0:0:0:1','Mozilla/5.0 (Windows NT 6.1; WOW64) AppleWebKit/537.36 (KHTML, like Gecko) Chrome/57.0.2987.133 Safari/537.36','/sys/user/info','GET','',''),('079c8d190c914b2eb78c052e04c58f9b','1','系统设置-系统设置-字典管理-查看','1','2017-06-01 09:36:34','0:0:0:0:0:0:0:1','Mozilla/5.0 (Windows NT 6.1; WOW64) AppleWebKit/537.36 (KHTML, like Gecko) Chrome/58.0.3029.110 Safari/537.36','/sys/dict/form','GET','id=8',''),('079df4d3dc714479a9bc9f8557f40d01','1','系统设置-机构用户-用户管理','1','2017-05-31 15:53:40','0:0:0:0:0:0:0:1','Mozilla/5.0 (Windows NT 6.1; WOW64; rv:53.0) Gecko/20100101 Firefox/53.0','/sys/user/index','GET','',''),('079e4488391b4858a41fe28edc79a9cb','1','系统设置-机构用户-机构管理-查看','1','2017-05-31 14:19:25','0:0:0:0:0:0:0:1','Mozilla/5.0 (Windows NT 6.1; WOW64) AppleWebKit/537.36 (KHTML, like Gecko) Chrome/58.0.3029.110 Safari/537.36','/sys/office/list','GET','parentIds=0,1,&id=1',''),('07b6335ececd4d1990b22245f5a69014','1','系统设置-机构用户-用户管理-查看','1','2017-06-01 09:31:22','0:0:0:0:0:0:0:1','Mozilla/5.0 (Windows NT 6.1; WOW64; rv:53.0) Gecko/20100101 Firefox/53.0','/sys/user/list','GET','',''),('07cfb2f890f04e2b99a94c6bb389824b','1','系统设置-系统设置-菜单管理-查看','1','2017-05-31 16:06:43','0:0:0:0:0:0:0:1','Mozilla/5.0 (Windows NT 6.1; WOW64; rv:53.0) Gecko/20100101 Firefox/53.0','/sys/menu/form','GET','id=bc11233542d8412c8719c4f2c36097a5',''),('07d13ec1179e4ff19e00886ebc4bca96','1','系统设置-机构用户-用户管理-查看','1','2017-05-31 19:08:34','0:0:0:0:0:0:0:1','Mozilla/5.0 (Windows NT 6.1; WOW64) AppleWebKit/537.36 (KHTML, like Gecko) Chrome/58.0.3029.110 Safari/537.36','/sys/user/list','GET','',''),('07d4031faac74963902fdf9a49b07de3','1','我的面板-个人信息-个人信息','1','2017-05-31 13:35:03','0:0:0:0:0:0:0:1','Mozilla/5.0 (Windows NT 6.1; WOW64) AppleWebKit/537.36 (KHTML, like Gecko) Chrome/58.0.3029.110 Safari/537.36','/sys/user/info','GET','',''),('07d4447bb67b40c78ddb375dfcda296d','1','系统登录','1','2017-05-31 19:14:31','0:0:0:0:0:0:0:1','Mozilla/5.0 (Macintosh; Intel Mac OS X 10_12_5) AppleWebKit/537.36 (KHTML, like Gecko) Chrome/58.0.3029.110 Safari/537.36','/','GET','login=',''),('07f222ed112048a9a9167736bd032826','1','系统设置-系统设置-角色管理','1','2017-05-31 15:11:49','0:0:0:0:0:0:0:1','Mozilla/5.0 (Windows NT 6.1; WOW64) AppleWebKit/537.36 (KHTML, like Gecko) Chrome/58.0.3029.110 Safari/537.36','/sys/role/','GET','',''),('07f459f886194e0699582e4bf58da184','1','系统设置-系统设置-菜单管理-修改','1','2017-05-31 18:27:14','0:0:0:0:0:0:0:1','Mozilla/5.0 (Windows NT 6.1; WOW64) AppleWebKit/537.36 (KHTML, like Gecko) Chrome/58.0.3029.110 Safari/537.36','/sys/menu/save','POST','parent.name=教务管理&name=班级管理&icon=&parent.id=6817fd8e79554e989ccd2266f60d0e92&permission=schoollesson:schoolClass:view;schoollesson:schoolClass:edit&id=bc6d756ba9824c799d80b5a20295a840&href=/schoollesson/schoolClass/&sort=1200&remarks=&target=&isShow=1',''),('0815299b298343edb24c857389242929','1','代码生成-代码生成-生成方案配置','1','2017-06-01 11:09:55','0:0:0:0:0:0:0:1','Mozilla/5.0 (Windows NT 6.1; WOW64; rv:53.0) Gecko/20100101 Firefox/53.0','/gen/genScheme','GET','',''),('08190fd9dad24d14b9c86a9369796c9b','1','通知通告-通知通告-我的通告','1','2017-06-01 10:51:15','0:0:0:0:0:0:0:1','Mozilla/5.0 (Windows NT 6.1; WOW64) AppleWebKit/537.36 (KHTML, like Gecko) Chrome/58.0.3029.110 Safari/537.36','/oa/oaNotify/self','GET','',''),('082c0826effb4a728f4f4da98430a870','1','系统设置-机构用户-用户管理','1','2017-06-01 12:53:32','0:0:0:0:0:0:0:1','Mozilla/5.0 (Windows NT 6.1; WOW64) AppleWebKit/537.36 (KHTML, like Gecko) Chrome/57.0.2987.133 Safari/537.36','/sys/user/index','GET','',''),('083c0125ff7d4132aba34bf97dc5f251','1','系统设置-系统设置-菜单管理','1','2017-06-01 14:54:56','0:0:0:0:0:0:0:1','Mozilla/5.0 (Windows NT 6.1; WOW64; rv:53.0) Gecko/20100101 Firefox/53.0','/sys/menu/','GET','',''),('084b1159a42a4601a0faf88f31dd3a03','1','代码生成-代码生成-业务表配置','1','2017-05-31 14:56:32','0:0:0:0:0:0:0:1','Mozilla/5.0 (Windows NT 6.1; WOW64; rv:53.0) Gecko/20100101 Firefox/53.0','/gen/genTable','GET','',''),('087035efb2de481eb6fbdd03c619b060','1','内容管理-内容管理','1','2017-05-31 14:25:21','0:0:0:0:0:0:0:1','Mozilla/5.0 (Windows NT 6.1; WOW64; rv:53.0) Gecko/20100101 Firefox/53.0','/cms/tree','GET','',''),('087818ee8a4b449d9d9b42cbc09f1f01','1','学校管理-财务设置-财务科目设置','1','2017-06-01 09:09:31','0:0:0:0:0:0:0:1','Mozilla/5.0 (Windows NT 6.1; WOW64) AppleWebKit/537.36 (KHTML, like Gecko) Chrome/58.0.3029.110 Safari/537.36','/finacetype/finaceType/','GET','',''),('0884a4bd59ab4d8e9d719f605f49af72','1','代码生成-代码生成-业务表配置','1','2017-05-31 19:49:20','0:0:0:0:0:0:0:1','Mozilla/5.0 (Windows NT 6.1; WOW64; rv:53.0) Gecko/20100101 Firefox/53.0','/gen/genTable','GET','',''),('08922dc983c04cb5b828af591882ebd3','1','系统设置-机构用户-用户管理-查看','1','2017-06-01 10:27:35','0:0:0:0:0:0:0:1','Mozilla/5.0 (Windows NT 6.1; WOW64; rv:53.0) Gecko/20100101 Firefox/53.0','/sys/user/list','GET','',''),('0894140f5f994d17a333828fb46d2fce','1','系统设置-机构用户-区域管理','1','2017-06-01 10:09:12','0:0:0:0:0:0:0:1','Mozilla/5.0 (Windows NT 6.1; WOW64) AppleWebKit/537.36 (KHTML, like Gecko) Chrome/58.0.3029.110 Safari/537.36','/sys/area/','GET','',''),('0899723e81614b688f1f2679f2d1d44a','1','内容管理-内容管理','1','2017-05-31 19:16:12','0:0:0:0:0:0:0:1','Mozilla/5.0 (Macintosh; Intel Mac OS X 10_12_5) AppleWebKit/537.36 (KHTML, like Gecko) Chrome/58.0.3029.110 Safari/537.36','/cms/tree','GET','',''),('08ad4e7dfd5a418f93ae9e0f0f32af2c','1','学校管理-教务管理-课程管理','1','2017-06-01 13:08:00','0:0:0:0:0:0:0:1','Mozilla/5.0 (Windows NT 6.1; WOW64) AppleWebKit/537.36 (KHTML, like Gecko) Chrome/57.0.2987.133 Safari/537.36','/lesson/schoolClassLesson/','GET','',''),('08be425aecf6436aa20e8c7e34e91655','1','内容管理-内容管理-内容发布','1','2017-05-31 19:16:14','0:0:0:0:0:0:0:1','Mozilla/5.0 (Windows NT 6.1; WOW64) AppleWebKit/537.36 (KHTML, like Gecko) Chrome/58.0.3029.110 Safari/537.36','/cms/','GET','',''),('08c0d7ba7cb5416c9dbd503c1d338fae','1','学校管理-客户管理-客户来源','1','2017-06-01 10:10:40','0:0:0:0:0:0:0:1','Mozilla/5.0 (Windows NT 6.1; WOW64; rv:53.0) Gecko/20100101 Firefox/53.0','/customerresource/customerResource/','GET','',''),('08db19eb7f57433abbb11fba6f69f5e8','1','学校管理-招生管理-生源管理','1','2017-06-01 11:24:55','0:0:0:0:0:0:0:1','Mozilla/5.0 (Windows NT 6.1; WOW64) AppleWebKit/537.36 (KHTML, like Gecko) Chrome/58.0.3029.110 Safari/537.36','/enroll/studentEnroll/','GET','',''),('08e284bbdc94448c81a480d8cdbf08a5','1','系统设置-机构用户-用户管理','1','2017-05-31 19:37:24','0:0:0:0:0:0:0:1','Mozilla/5.0 (Windows NT 6.1; WOW64; rv:53.0) Gecko/20100101 Firefox/53.0','/sys/user/index','GET','',''),('08eb2f312fbe481bae2a623a59a95782','1','我的面板-个人信息-个人信息','1','2017-05-31 14:40:26','0:0:0:0:0:0:0:1','Mozilla/5.0 (Macintosh; Intel Mac OS X 10_12_5) AppleWebKit/537.36 (KHTML, like Gecko) Chrome/58.0.3029.110 Safari/537.36','/sys/user/info','GET','',''),('08ed94ec688243ee82f32b64bf3c2e76','1','系统设置-机构用户-用户管理-查看','1','2017-05-31 15:25:07','0:0:0:0:0:0:0:1','Mozilla/5.0 (Windows NT 6.1; WOW64) AppleWebKit/537.36 (KHTML, like Gecko) Chrome/57.0.2987.133 Safari/537.36','/sys/user/list','GET','',''),('08ee73a08aa54fc999bb6922dbbb551e','1','系统设置-系统设置-菜单管理','1','2017-06-01 11:27:19','0:0:0:0:0:0:0:1','Mozilla/5.0 (Windows NT 6.1; WOW64; rv:53.0) Gecko/20100101 Firefox/53.0','/sys/menu/','GET','',''),('08fd795733fd487c9127e57d544d5241','1','学校管理-前台业务-学员信息管理','1','2017-05-31 19:22:58','0:0:0:0:0:0:0:1','Mozilla/5.0 (Windows NT 6.1; WOW64; rv:53.0) Gecko/20100101 Firefox/53.0','/invoice/invoice/','GET','',''),('091548c316754f4c925c07651e63f807','1','系统设置-机构用户-用户管理','1','2017-05-31 15:31:51','0:0:0:0:0:0:0:1','Mozilla/5.0 (Windows NT 6.1; WOW64; rv:53.0) Gecko/20100101 Firefox/53.0','/sys/user/index','GET','',''),('0915846fcbdd404295a9f316588f2b57','1','系统设置-机构用户-用户管理','1','2017-05-31 19:19:01','0:0:0:0:0:0:0:1','Mozilla/5.0 (Macintosh; Intel Mac OS X 10_12_5) AppleWebKit/537.36 (KHTML, like Gecko) Chrome/58.0.3029.110 Safari/537.36','/sys/user/index','GET','',''),('091e5cc12f234314b9230e4e2257f78f','1','系统设置-系统设置-菜单管理-查看','1','2017-06-01 09:52:45','0:0:0:0:0:0:0:1','Mozilla/5.0 (Windows NT 6.1; WOW64; rv:53.0) Gecko/20100101 Firefox/53.0','/sys/menu/form','GET','id=02c1d7aa630143e381fa9b4fbbf6dc65',''),('0920060b593444b7be992e91940ff0bd','1','系统设置-机构用户-用户管理-查看','1','2017-05-31 15:08:26','0:0:0:0:0:0:0:1','Mozilla/5.0 (Windows NT 6.1; WOW64) AppleWebKit/537.36 (KHTML, like Gecko) Chrome/58.0.3029.110 Safari/537.36','/sys/user/list','GET','',''),('093aa180bbd54009a882633a6ee97412','1','系统设置-机构用户-用户管理','1','2017-06-01 10:31:36','0:0:0:0:0:0:0:1','Mozilla/5.0 (Windows NT 6.1; WOW64; rv:53.0) Gecko/20100101 Firefox/53.0','/sys/user/index','GET','',''),('094e856e7c44474ba5bda70d2988e1ad','1','学校管理-教室管理-教室设置','1','2017-06-01 14:40:05','0:0:0:0:0:0:0:1','Mozilla/5.0 (Windows NT 6.1; WOW64; rv:53.0) Gecko/20100101 Firefox/53.0','/schoolclassroom/schoolClassroom/','GET','',''),('095d6dcd6e984704b62018013b9332bb','1','系统设置-机构用户-用户管理','1','2017-06-01 10:03:27','0:0:0:0:0:0:0:1','Mozilla/5.0 (Windows NT 6.1; WOW64) AppleWebKit/537.36 (KHTML, like Gecko) Chrome/57.0.2987.133 Safari/537.36','/sys/user/index','GET','',''),('095db635f8ce4d978da5ad621e548dfb','1','代码生成-代码生成-生成方案配置','1','2017-05-31 19:27:33','0:0:0:0:0:0:0:1','Mozilla/5.0 (Windows NT 6.1; WOW64) AppleWebKit/537.36 (KHTML, like Gecko) Chrome/58.0.3029.110 Safari/537.36','/gen/genScheme','GET','',''),('096f96ed252347f38e50cd94e7fbc5f7','1','学校管理-教务管理-班级管理','1','2017-06-01 13:29:05','0:0:0:0:0:0:0:1','Mozilla/5.0 (Windows NT 6.1; WOW64) AppleWebKit/537.36 (KHTML, like Gecko) Chrome/57.0.2987.133 Safari/537.36','/school/schoolClass/','GET','',''),('0973c9147d4143d4b9973f6c2090237a','1','学校管理-招生管理-生源管理','1','2017-06-01 09:37:16','0:0:0:0:0:0:0:1','Mozilla/5.0 (Windows NT 6.1; WOW64) AppleWebKit/537.36 (KHTML, like Gecko) Chrome/58.0.3029.110 Safari/537.36','/communication/studentCommunication/','GET','',''),('0976fd1c25fa4693940e6ef1be018395','1','系统设置-系统设置-菜单管理-修改','1','2017-05-31 15:01:50','0:0:0:0:0:0:0:1','Mozilla/5.0 (Windows NT 6.1; WOW64) AppleWebKit/537.36 (KHTML, like Gecko) Chrome/57.0.2987.133 Safari/537.36','/sys/menu/save','POST','parent.name=教务管理&name=成绩查询&icon=&parent.id=6817fd8e79554e989ccd2266f60d0e92&permission=&id=&href=&sort=600&remarks=&target=&isShow=1',''),('0978eb730e194d88861e3b3970e1697a','1','代码生成-代码生成-生成方案配置','1','2017-06-01 11:58:13','0:0:0:0:0:0:0:1','Mozilla/5.0 (Windows NT 6.1; WOW64; rv:53.0) Gecko/20100101 Firefox/53.0','/gen/genScheme','GET','',''),('097d9db0512344cc9708b95018ec47e9','1','通知通告-通知通告-我的通告','1','2017-06-01 09:09:05','0:0:0:0:0:0:0:1','Mozilla/5.0 (Windows NT 6.1; WOW64) AppleWebKit/537.36 (KHTML, like Gecko) Chrome/58.0.3029.110 Safari/537.36','/oa/oaNotify/self','GET','',''),('098cc2a3bbfd4687bd9fb41990903998','1','系统设置-系统设置-菜单管理','1','2017-05-31 17:19:16','0:0:0:0:0:0:0:1','Mozilla/5.0 (Windows NT 6.1; WOW64; rv:53.0) Gecko/20100101 Firefox/53.0','/sys/menu/','GET','',''),('09a04dd518be4adfb5fc7d105aea213b','1','学校管理-教务管理-班级管理','1','2017-06-01 10:10:17','0:0:0:0:0:0:0:1','Mozilla/5.0 (Windows NT 6.1; WOW64) AppleWebKit/537.36 (KHTML, like Gecko) Chrome/57.0.2987.133 Safari/537.36','/schoolClass/schoolClass/','GET','',''),('09a482e82c50440191ac5aae82665861','1','系统设置-机构用户-机构管理-查看','1','2017-05-31 15:24:58','0:0:0:0:0:0:0:1','Mozilla/5.0 (Windows NT 6.1; WOW64; rv:53.0) Gecko/20100101 Firefox/53.0','/sys/office/list','GET','parentIds=&id=',''),('09d285aaaf144055b7b27e6ada4070df','1','在线办公-通知通告-我的通告','1','2017-05-31 09:45:27','0:0:0:0:0:0:0:1','Mozilla/5.0 (Macintosh; Intel Mac OS X 10_12_5) AppleWebKit/537.36 (KHTML, like Gecko) Chrome/58.0.3029.110 Safari/537.36','/oa/oaNotify/self','GET','',''),('09e201650b744b359313751d4b722d6c','1','学校管理-教务管理-班级管理','1','2017-06-01 09:39:48','0:0:0:0:0:0:0:1','Mozilla/5.0 (Windows NT 6.1; WOW64) AppleWebKit/537.36 (KHTML, like Gecko) Chrome/57.0.2987.133 Safari/537.36','/schoolClass/schoolClass/','GET','',''),('09e2211d51ce42dc8c4eb28735f48d60','1','代码生成-代码生成-业务表配置','1','2017-06-01 09:37:54','0:0:0:0:0:0:0:1','Mozilla/5.0 (Windows NT 6.1; WOW64; rv:53.0) Gecko/20100101 Firefox/53.0','/gen/genTable','GET','',''),('09ef4fc2f79b4cd8abcfd430ec72f3ab','1','学校管理-招生管理-开班计划','1','2017-06-01 10:28:03','0:0:0:0:0:0:0:1','Mozilla/5.0 (Windows NT 6.1; WOW64; rv:53.0) Gecko/20100101 Firefox/53.0','/communication/studentCommunication/','GET','',''),('0a208537aefe404abec2eb7ab9492f94','1','系统设置-系统设置-菜单管理','1','2017-06-01 14:00:32','0:0:0:0:0:0:0:1','Mozilla/5.0 (Windows NT 6.1; WOW64; rv:53.0) Gecko/20100101 Firefox/53.0','/sys/menu/','GET','',''),('0a28a95cf81440d3868ceabba4aa39e8','1','我的面板-个人信息-修改密码','1','2017-05-31 13:57:41','0:0:0:0:0:0:0:1','Mozilla/5.0 (Windows NT 6.1; WOW64) AppleWebKit/537.36 (KHTML, like Gecko) Chrome/57.0.2987.133 Safari/537.36','/sys/user/modifyPwd','GET','',''),('0a340cd39db54134b971fbe07c881805','1','系统设置-系统设置-菜单管理','1','2017-05-31 15:54:26','0:0:0:0:0:0:0:1','Mozilla/5.0 (Windows NT 6.1; WOW64; rv:53.0) Gecko/20100101 Firefox/53.0','/sys/menu/','GET','',''),('0a6367debf6845b392f08c8ba0b1a443','1','系统设置-机构用户-用户管理-查看','1','2017-05-31 15:51:45','0:0:0:0:0:0:0:1','Mozilla/5.0 (Windows NT 6.1; WOW64) AppleWebKit/537.36 (KHTML, like Gecko) Chrome/58.0.3029.110 Safari/537.36','/sys/user/list','GET','',''),('0a9026d92614429b9175ea24243c98b6','1','系统设置-系统设置-菜单管理-修改','1','2017-06-01 10:38:51','0:0:0:0:0:0:0:1','Mozilla/5.0 (Windows NT 6.1; WOW64; rv:53.0) Gecko/20100101 Firefox/53.0','/sys/menu/save','POST','parent.name=系统基础&name=系统基础类型&icon=&parent.id=f0fd0f607e824b4ea485e9e6d4e4695c&permission=commonstype:commonsType:view,commonstype:commonsType:edit&id=48ffe87359f440bab07604ea485de9ef&href=/commonsType/commonsType/&sort=40&remarks=&target=&isShow=1',''),('0a9d865e16634f8d82628f2959318c47','1','系统设置-机构用户-用户管理-查看','1','2017-06-01 14:51:05','0:0:0:0:0:0:0:1','Mozilla/5.0 (Windows NT 6.1; WOW64; rv:53.0) Gecko/20100101 Firefox/53.0','/sys/user/list','GET','',''),('0a9edff30a394375aa7de1dc835533d4','1','代码生成-代码生成-业务表配置','1','2017-06-01 11:27:52','0:0:0:0:0:0:0:1','Mozilla/5.0 (Windows NT 6.1; WOW64; rv:53.0) Gecko/20100101 Firefox/53.0','/gen/genTable','GET','',''),('0aa367bfd5f446e4ba7fa3268999f8aa','1','系统设置-机构用户-用户管理','1','2017-06-01 13:36:47','0:0:0:0:0:0:0:1','Mozilla/5.0 (Windows NT 6.1; WOW64) AppleWebKit/537.36 (KHTML, like Gecko) Chrome/58.0.3029.110 Safari/537.36','/sys/user/index','GET','',''),('0aaf1bc8104042c2bd6edaf1c8afbe13','1','代码生成-代码生成-生成方案配置','1','2017-06-01 13:31:48','0:0:0:0:0:0:0:1','Mozilla/5.0 (Windows NT 6.1; WOW64; rv:53.0) Gecko/20100101 Firefox/53.0','/gen/genScheme','GET','',''),('0aafba3dd0784e2eb40273b60647f9c0','1','系统设置-系统设置-菜单管理','1','2017-06-01 11:44:49','0:0:0:0:0:0:0:1','Mozilla/5.0 (Windows NT 6.1; WOW64) AppleWebKit/537.36 (KHTML, like Gecko) Chrome/58.0.3029.110 Safari/537.36','/sys/menu/','GET','',''),('0ac33823bf6544f4a18da5ab0c1d0cb2','1','系统设置-系统设置-菜单管理-查看','1','2017-05-31 15:53:46','0:0:0:0:0:0:0:1','Mozilla/5.0 (Windows NT 6.1; WOW64; rv:53.0) Gecko/20100101 Firefox/53.0','/sys/menu/form','GET','',''),('0ac59acbfb234aa381cbfb4bb5a902f9','1','我的面板-个人信息-修改密码','1','2017-05-31 16:42:18','0:0:0:0:0:0:0:1','Mozilla/5.0 (Windows NT 6.1; WOW64) AppleWebKit/537.36 (KHTML, like Gecko) Chrome/58.0.3029.110 Safari/537.36','/sys/user/modifyPwd','GET','',''),('0ac9a97b8f6445e49f55a322839f264a','1','系统设置-系统设置-菜单管理','1','2017-05-31 15:54:39','127.0.0.1','Mozilla/5.0 (Windows NT 6.1; WOW64; rv:53.0) Gecko/20100101 Firefox/53.0','/sys/menu/','GET','',''),('0af5edc4722047e09097ea61182d0f98','1','学校管理-教学管理-请假管理','1','2017-06-01 09:35:31','0:0:0:0:0:0:0:1','Mozilla/5.0 (Windows NT 6.1; WOW64) AppleWebKit/537.36 (KHTML, like Gecko) Chrome/58.0.3029.110 Safari/537.36','/schoolleave/schoolLeave/','GET','repage=',''),('0b0273b215bc4237a2bc01c0c7e88ec2','1','系统设置-系统设置-菜单管理-查看','1','2017-05-31 15:01:58','0:0:0:0:0:0:0:1','Mozilla/5.0 (Windows NT 6.1; WOW64) AppleWebKit/537.36 (KHTML, like Gecko) Chrome/57.0.2987.133 Safari/537.36','/sys/menu/form','GET','parent.id=6817fd8e79554e989ccd2266f60d0e92',''),('0b1bcbcd883e43bd8af1f990a18fcd67','1','通知通告-通知通告-我的通告','1','2017-05-31 19:21:25','0:0:0:0:0:0:0:1','Mozilla/5.0 (Windows NT 6.1; WOW64) AppleWebKit/537.36 (KHTML, like Gecko) Chrome/58.0.3029.110 Safari/537.36','/oa/oaNotify/self','GET','',''),('0b353ff450c74ef8b9f5c8cb4fe446c7','1','学校管理-客户管理-客户来源','1','2017-06-01 10:24:50','0:0:0:0:0:0:0:1','Mozilla/5.0 (Windows NT 6.1; WOW64; rv:53.0) Gecko/20100101 Firefox/53.0','/customerresource/customerResource/','GET','repage=',''),('0b3aa1da7b1e47bf9d23bd087f3be783','1','系统登录','1','2017-06-01 11:49:33','0:0:0:0:0:0:0:1','Mozilla/5.0 (Windows NT 6.1; WOW64) AppleWebKit/537.36 (KHTML, like Gecko) Chrome/57.0.2987.133 Safari/537.36','/','GET','login=',''),('0b46896154c04d4cb8c00a3cccccd820','1','学校管理-客户管理-客户来源','1','2017-06-01 10:16:47','0:0:0:0:0:0:0:1','Mozilla/5.0 (Windows NT 6.1; WOW64; rv:53.0) Gecko/20100101 Firefox/53.0','/customerresource/customerResource/','GET','',''),('0b549655e23a43078547e6c772eadd6c','1','系统设置-机构用户-用户管理','1','2017-06-01 09:12:06','0:0:0:0:0:0:0:1','Mozilla/5.0 (Windows NT 6.1; WOW64) AppleWebKit/537.36 (KHTML, like Gecko) Chrome/58.0.3029.110 Safari/537.36','/sys/user/index','GET','',''),('0b625f8132124933be2253282eb59311','1','系统设置-机构用户-用户管理','1','2017-05-31 19:40:06','0:0:0:0:0:0:0:1','Mozilla/5.0 (Windows NT 6.1; WOW64; rv:53.0) Gecko/20100101 Firefox/53.0','/sys/user/index','GET','',''),('0b627b19773d4e15befdd1f9959eefdf','1','代码生成-代码生成-生成方案配置','1','2017-05-31 17:49:55','0:0:0:0:0:0:0:1','Mozilla/5.0 (Windows NT 6.1; WOW64; rv:53.0) Gecko/20100101 Firefox/53.0','/gen/genScheme','GET','',''),('0b62b2645251426b8a3ead61275f86e2','1','系统设置-系统设置-菜单管理','1','2017-05-31 15:02:16','0:0:0:0:0:0:0:1','Mozilla/5.0 (Windows NT 6.1; WOW64) AppleWebKit/537.36 (KHTML, like Gecko) Chrome/57.0.2987.133 Safari/537.36','/sys/menu/','GET','',''),('0b6d7c4b481849a4b556c4fd4992ffbe','1','学校管理-教学管理-请假管理','1','2017-06-01 11:24:02','0:0:0:0:0:0:0:1','Mozilla/5.0 (Windows NT 6.1; WOW64) AppleWebKit/537.36 (KHTML, like Gecko) Chrome/58.0.3029.110 Safari/537.36','/schoolleave/schoolLeave/','GET','',''),('0b73cf3221f14a7b94ee2455960dde06','1','系统设置-机构用户-用户管理','1','2017-06-01 10:03:23','0:0:0:0:0:0:0:1','Mozilla/5.0 (Windows NT 6.1; WOW64) AppleWebKit/537.36 (KHTML, like Gecko) Chrome/58.0.3029.110 Safari/537.36','/sys/user/index','GET','',''),('0b83237ed17246acb71226fd40cf799c','1','内容管理-内容管理-内容发布-文章模型','1','2017-05-31 14:25:09','0:0:0:0:0:0:0:1','Mozilla/5.0 (Windows NT 6.1; WOW64) AppleWebKit/537.36 (KHTML, like Gecko) Chrome/58.0.3029.110 Safari/537.36','/cms/article/','GET','category.id=5',''),('0b9a263470754a59bf44fe0969931cd6','1','系统设置-系统设置-菜单管理-查看','1','2017-05-31 15:48:49','0:0:0:0:0:0:0:1','Mozilla/5.0 (Windows NT 6.1; WOW64; rv:53.0) Gecko/20100101 Firefox/53.0','/sys/menu/form','GET','id=53c4fea6b00d47fbb6c49ab1ddbd7080',''),('0b9e89042ef144449611e78c338364d5','1','通知通告-通知通告-我的通告','1','2017-06-01 13:29:21','0:0:0:0:0:0:0:1','Mozilla/5.0 (Windows NT 6.1; WOW64; rv:53.0) Gecko/20100101 Firefox/53.0','/oa/oaNotify/self','GET','',''),('0ba5d84ca5a94b6aa73c2905653e8cca','1','系统登录','1','2017-06-01 14:58:23','0:0:0:0:0:0:0:1','Mozilla/5.0 (Windows NT 6.1; WOW64; rv:53.0) Gecko/20100101 Firefox/53.0','/','GET','',''),('0bb83b01c08d4890bbac9182804306c7','1','学校管理-教学管理-请假管理','1','2017-06-01 11:57:37','0:0:0:0:0:0:0:1','Mozilla/5.0 (Windows NT 6.1; WOW64) AppleWebKit/537.36 (KHTML, like Gecko) Chrome/58.0.3029.110 Safari/537.36','/schoolleave/schoolLeave/','GET','',''),('0bbadcf014e940c5be6df83a6b74029e','1','代码生成-代码生成-业务表配置','1','2017-05-31 18:23:41','0:0:0:0:0:0:0:1','Mozilla/5.0 (Windows NT 6.1; WOW64; rv:53.0) Gecko/20100101 Firefox/53.0','/gen/genTable','GET','',''),('0bbd63b7b27c4a79b6a58159856ddf8d','1','学校管理-招生管理-生源管理','1','2017-06-01 09:33:42','0:0:0:0:0:0:0:1','Mozilla/5.0 (Windows NT 6.1; WOW64; rv:53.0) Gecko/20100101 Firefox/53.0','/communication/studentCommunication/','GET','',''),('0bcccf7946a1422c93ec5587cfc6ebe3','1','代码生成-代码生成-业务表配置','1','2017-06-01 08:50:10','0:0:0:0:0:0:0:1','Mozilla/5.0 (Windows NT 6.1; WOW64) AppleWebKit/537.36 (KHTML, like Gecko) Chrome/58.0.3029.110 Safari/537.36','/gen/genTable','GET','',''),('0beb2a0a79d84e9b9cd7d42f4fcd5678','1','通知通告-通知通告-通告管理','1','2017-06-01 12:49:07','0:0:0:0:0:0:0:1','Mozilla/5.0 (Macintosh; Intel Mac OS X 10_12_5) AppleWebKit/537.36 (KHTML, like Gecko) Chrome/58.0.3029.110 Safari/537.36','/oa/oaNotify','GET','',''),('0bf2338da8d04c039625af5f8ced5a26','1','内容管理-内容管理-内容发布-文章模型','1','2017-05-31 13:58:12','0:0:0:0:0:0:0:1','Mozilla/5.0 (Windows NT 6.1; WOW64) AppleWebKit/537.36 (KHTML, like Gecko) Chrome/57.0.2987.133 Safari/537.36','/cms/article/','GET','category.id=5',''),('0bf3041c70824f61a55e2e3f85adcec3','1','学校管理-系统基础-系统基础类型','1','2017-06-01 11:11:18','0:0:0:0:0:0:0:1','Mozilla/5.0 (Windows NT 6.1; WOW64; rv:53.0) Gecko/20100101 Firefox/53.0','/commonsType/commonsType/','GET','',''),('0c2101a2176e49a8a4eda2e9f473fa91','1','系统设置-机构用户-用户管理','1','2017-06-01 11:33:02','0:0:0:0:0:0:0:1','Mozilla/5.0 (Windows NT 6.1; WOW64) AppleWebKit/537.36 (KHTML, like Gecko) Chrome/58.0.3029.110 Safari/537.36','/sys/user/index','GET','',''),('0c2a9dd16ff74269835d39b33cc49e20','1','系统设置-系统设置-菜单管理-查看','1','2017-06-01 09:18:51','0:0:0:0:0:0:0:1','Mozilla/5.0 (Windows NT 6.1; WOW64; rv:53.0) Gecko/20100101 Firefox/53.0','/sys/menu/form','GET','id=9e2322ebf25d4348a0a3b398087fe715',''),('0c2e4504621b418cbee09c2abd214965','1','系统设置-机构用户-用户管理-查看','1','2017-05-31 15:31:52','0:0:0:0:0:0:0:1','Mozilla/5.0 (Windows NT 6.1; WOW64; rv:53.0) Gecko/20100101 Firefox/53.0','/sys/user/list','GET','',''),('0c3362a9612341d4b4b39866379f1010','1','系统设置-机构用户-用户管理-查看','1','2017-06-01 09:55:38','0:0:0:0:0:0:0:1','Mozilla/5.0 (Windows NT 6.1; WOW64; rv:53.0) Gecko/20100101 Firefox/53.0','/sys/user/list','GET','',''),('0c4c7bb541f64ce880cc65d468df7772','2','','1','2017-06-01 09:58:21','0:0:0:0:0:0:0:1','Mozilla/5.0 (Windows NT 6.1; WOW64) AppleWebKit/537.36 (KHTML, like Gecko) Chrome/58.0.3029.110 Safari/537.36','/finacetype/finaceType/form','GET','','org.apache.jasper.JasperException: org.springframework.beans.NotReadablePropertyException: Invalid property \'remarks\' of bean class [cn.com.beyo.erp.modules.finacetype.entity.FinaceType]: Bean property \'remarks\' is not readable or has an invalid getter method: Does the return type of the getter match the parameter type of the setter?\r\n	at org.apache.jasper.servlet.JspServletWrapper.service(JspServletWrapper.java:432)\r\n	at org.apache.jasper.servlet.JspServlet.serviceJspFile(JspServlet.java:492)\r\n	at org.apache.jasper.servlet.JspServlet.service(JspServlet.java:378)\r\n	at javax.servlet.http.HttpServlet.service(HttpServlet.java:848)\r\n	at org.eclipse.jetty.servlet.ServletHolder.handle(ServletHolder.java:684)\r\n	at org.eclipse.jetty.servlet.ServletHandler.doHandle(ServletHandler.java:503)\r\n	at org.eclipse.jetty.server.handler.ScopedHandler.handle(ScopedHandler.java:137)\r\n	at org.eclipse.jetty.security.SecurityHandler.handle(SecurityHandler.java:575)\r\n	at org.eclipse.jetty.server.session.SessionHandler.doHandle(SessionHandler.java:231)\r\n	at org.eclipse.jetty.server.handler.ContextHandler.doHandle(ContextHandler.java:1086)\r\n	at org.eclipse.jetty.servlet.ServletHandler.doScope(ServletHandler.java:429)\r\n	at org.eclipse.jetty.server.session.SessionHandler.doScope(SessionHandler.java:193)\r\n	at org.eclipse.jetty.server.handler.ContextHandler.doScope(ContextHandler.java:1020)\r\n	at org.eclipse.jetty.server.handler.ScopedHandler.handle(ScopedHandler.java:135)\r\n	at org.eclipse.jetty.server.Dispatcher.forward(Dispatcher.java:276)\r\n	at org.eclipse.jetty.server.Dispatcher.forward(Dispatcher.java:103)\r\n	at org.springframework.web.servlet.view.InternalResourceView.renderMergedOutputModel(InternalResourceView.java:168)\r\n	at org.springframework.web.servlet.view.AbstractView.render(AbstractView.java:303)\r\n	at org.springframework.web.servlet.DispatcherServlet.render(DispatcherServlet.java:1243)\r\n	at org.springframework.web.servlet.DispatcherServlet.processDispatchResult(DispatcherServlet.java:1027)\r\n	at org.springframework.web.servlet.DispatcherServlet.doDispatch(DispatcherServlet.java:971)\r\n	at org.springframework.web.servlet.DispatcherServlet.doService(DispatcherServlet.java:893)\r\n	at org.springframework.web.servlet.FrameworkServlet.processRequest(FrameworkServlet.java:965)\r\n	at org.springframework.web.servlet.FrameworkServlet.doGet(FrameworkServlet.java:856)\r\n	at javax.servlet.http.HttpServlet.service(HttpServlet.java:735)\r\n	at org.springframework.web.servlet.FrameworkServlet.service(FrameworkServlet.java:841)\r\n	at javax.servlet.http.HttpServlet.service(HttpServlet.java:848)\r\n	at org.eclipse.jetty.servlet.ServletHolder.handle(ServletHolder.java:684)\r\n	at org.eclipse.jetty.servlet.ServletHandler$CachedChain.doFilter(ServletHandler.java:1496)\r\n	at com.alibaba.druid.support.http.WebStatFilter.doFilter(WebStatFilter.java:123)\r\n	at org.eclipse.jetty.servlet.ServletHandler$CachedChain.doFilter(ServletHandler.java:1484)\r\n	at com.opensymphony.sitemesh.webapp.SiteMeshFilter.obtainContent(SiteMeshFilter.java:129)\r\n	at com.opensymphony.sitemesh.webapp.SiteMeshFilter.doFilter(SiteMeshFilter.java:77)\r\n	at org.eclipse.jetty.servlet.ServletHandler$CachedChain.doFilter(ServletHandler.java:1484)\r\n	at org.apache.shiro.web.servlet.ProxiedFilterChain.doFilter(ProxiedFilterChain.java:61)\r\n	at org.apache.shiro.web.servlet.AdviceFilter.executeChain(AdviceFilter.java:108)\r\n	at org.apache.shiro.web.servlet.AdviceFilter.doFilterInternal(AdviceFilter.java:137)\r\n	at org.apache.shiro.web.servlet.OncePerRequestFilter.doFilter(OncePerRequestFilter.java:125)\r\n	at org.apache.shiro.web.servlet.ProxiedFilterChain.doFilter(ProxiedFilterChain.java:66)\r\n	at org.apache.shiro.web.servlet.AbstractShiroFilter.executeChain(AbstractShiroFilter.java:449)\r\n	at org.apache.shiro.web.servlet.AbstractShiroFilter$1.call(AbstractShiroFilter.java:365)\r\n	at org.apache.shiro.subject.support.SubjectCallable.doCall(SubjectCallable.java:90)\r\n	at org.apache.shiro.subject.support.SubjectCallable.call(SubjectCallable.java:83)\r\n	at org.apache.shiro.subject.support.DelegatingSubject.execute(DelegatingSubject.java:383)\r\n	at org.apache.shiro.web.servlet.AbstractShiroFilter.doFilterInternal(AbstractShiroFilter.java:362)\r\n	at org.apache.shiro.web.servlet.OncePerRequestFilter.doFilter(OncePerRequestFilter.java:125)\r\n	at org.springframework.web.filter.DelegatingFilterProxy.invokeDelegate(DelegatingFilterProxy.java:344)\r\n	at org.springframework.web.filter.DelegatingFilterProxy.doFilter(DelegatingFilterProxy.java:261)\r\n	at org.eclipse.jetty.servlet.ServletHandler$CachedChain.doFilter(ServletHandler.java:1484)\r\n	at org.springframework.web.filter.CharacterEncodingFilter.doFilterInternal(CharacterEncodingFilter.java:85)\r\n	at org.springframework.web.filter.OncePerRequestFilter.doFilter(OncePerRequestFilter.java:107)\r\n	at org.eclipse.jetty.servlet.ServletHandler$CachedChain.doFilter(ServletHandler.java:1476)\r\n	at org.eclipse.jetty.servlet.ServletHandler.doHandle(ServletHandler.java:501)\r\n	at org.eclipse.jetty.server.handler.ScopedHandler.handle(ScopedHandler.java:137)\r\n	at org.eclipse.jetty.security.SecurityHandler.handle(SecurityHandler.java:557)\r\n	at org.eclipse.jetty.server.session.SessionHandler.doHandle(SessionHandler.java:231)\r\n	at org.eclipse.jetty.server.handler.ContextHandler.doHandle(ContextHandler.java:1086)\r\n	at org.eclipse.jetty.servlet.ServletHandler.doScope(ServletHandler.java:429)\r\n	at org.eclipse.jetty.server.session.SessionHandler.doScope(SessionHandler.java:193)\r\n	at org.eclipse.jetty.server.handler.ContextHandler.doScope(ContextHandler.java:1020)\r\n	at org.eclipse.jetty.server.handler.ScopedHandler.handle(ScopedHandler.java:135)\r\n	at org.eclipse.jetty.server.handler.ContextHandlerCollection.handle(ContextHandlerCollection.java:255)\r\n	at org.eclipse.jetty.server.handler.HandlerCollection.handle(HandlerCollection.java:154)\r\n	at org.eclipse.jetty.server.handler.HandlerWrapper.handle(HandlerWrapper.java:116)\r\n	at org.eclipse.jetty.server.Server.handle(Server.java:370)\r\n	at org.eclipse.jetty.server.AbstractHttpConnection.handleRequest(AbstractHttpConnection.java:494)\r\n	at org.eclipse.jetty.server.AbstractHttpConnection.headerComplete(AbstractHttpConnection.java:971)\r\n	at org.eclipse.jetty.server.AbstractHttpConnection$RequestHandler.headerComplete(AbstractHttpConnection.java:1033)\r\n	at org.eclipse.jetty.http.HttpParser.parseNext(HttpParser.java:644)\r\n	at org.eclipse.jetty.http.HttpParser.parseAvailable(HttpParser.java:235)\r\n	at org.eclipse.jetty.server.AsyncHttpConnection.handle(AsyncHttpConnection.java:82)\r\n	at org.eclipse.jetty.io.nio.SelectChannelEndPoint.handle(SelectChannelEndPoint.java:696)\r\n	at org.eclipse.jetty.io.nio.SelectChannelEndPoint$1.run(SelectChannelEndPoint.java:53)\r\n	at org.eclipse.jetty.util.thread.QueuedThreadPool.runJob(QueuedThreadPool.java:608)\r\n	at org.eclipse.jetty.util.thread.QueuedThreadPool$3.run(QueuedThreadPool.java:543)\r\n	at java.lang.Thread.run(Thread.java:745)\r\nCaused by: org.springframework.beans.NotReadablePropertyException: Invalid property \'remarks\' of bean class [cn.com.beyo.erp.modules.finacetype.entity.FinaceType]: Bean property \'remarks\' is not readable or has an invalid getter method: Does the return type of the getter match the parameter type of the setter?\r\n	at org.springframework.beans.BeanWrapperImpl.getPropertyValue(BeanWrapperImpl.java:731)\r\n	at org.springframework.beans.BeanWrapperImpl.getPropertyValue(BeanWrapperImpl.java:722)\r\n	at org.springframework.validation.AbstractPropertyBindingResult.getActualFieldValue(AbstractPropertyBindingResult.java:99)\r\n	at org.springframework.validation.AbstractBindingResult.getFieldValue(AbstractBindingResult.java:229)\r\n	at org.springframework.web.servlet.support.BindStatus.<init>(BindStatus.java:120)\r\n	at org.springframework.web.servlet.tags.form.AbstractDataBoundFormElementTag.getBindStatus(AbstractDataBoundFormElementTag.java:168)\r\n	at org.springframework.web.servlet.tags.form.AbstractDataBoundFormElementTag.getPropertyPath(AbstractDataBoundFormElementTag.java:188)\r\n	at org.springframework.web.servlet.tags.form.AbstractDataBoundFormElementTag.getName(AbstractDataBoundFormElementTag.java:154)\r\n	at org.springframework.web.servlet.tags.form.AbstractDataBoundFormElementTag.autogenerateId(AbstractDataBoundFormElementTag.java:141)\r\n	at org.springframework.web.servlet.tags.form.AbstractDataBoundFormElementTag.resolveId(AbstractDataBoundFormElementTag.java:132)\r\n	at org.springframework.web.servlet.tags.form.AbstractDataBoundFormElementTag.writeDefaultAttributes(AbstractDataBoundFormElementTag.java:116)\r\n	at org.springframework.web.servlet.tags.form.AbstractHtmlElementTag.writeDefaultAttributes(AbstractHtmlElementTag.java:422)\r\n	at org.springframework.web.servlet.tags.form.TextareaTag.writeTagContent(TextareaTag.java:96)\r\n	at org.springframework.web.servlet.tags.form.AbstractFormTag.doStartTagInternal(AbstractFormTag.java:84)\r\n	at org.springframework.web.servlet.tags.RequestContextAwareTag.doStartTag(RequestContextAwareTag.java:80)\r\n	at org.apache.jsp.WEB_002dINF.views.modules.finacetype.finaceTypeForm_jsp._jspx_meth_form_textarea_0(finaceTypeForm_jsp.java:569)\r\n	at org.apache.jsp.WEB_002dINF.views.modules.finacetype.finaceTypeForm_jsp._jspx_meth_form_form_0(finaceTypeForm_jsp.java:335)\r\n	at org.apache.jsp.WEB_002dINF.views.modules.finacetype.finaceTypeForm_jsp._jspService(finaceTypeForm_jsp.java:150)\r\n	at org.apache.jasper.runtime.HttpJspBase.service(HttpJspBase.java:111)\r\n	at javax.servlet.http.HttpServlet.service(HttpServlet.java:848)\r\n	at org.apache.jasper.servlet.JspServletWrapper.service(JspServletWrapper.java:403)\r\n	... 75 more\r\n'),('0c53b3c48f044cdaa15ac499eba30c0b','1','系统设置-机构用户-用户管理-查看','1','2017-06-01 10:34:02','0:0:0:0:0:0:0:1','Mozilla/5.0 (Windows NT 6.1; WOW64) AppleWebKit/537.36 (KHTML, like Gecko) Chrome/58.0.3029.110 Safari/537.36','/sys/user/list','GET','',''),('0c53f98bc837449c9a74c8dd82d1f454','1','学校管理-前台业务-学员信息管理','1','2017-05-31 19:21:52','0:0:0:0:0:0:0:1','Mozilla/5.0 (Windows NT 6.1; WOW64; rv:53.0) Gecko/20100101 Firefox/53.0','/invoice/invoice/','GET','',''),('0c54734936cd46f0a80b59996826a3da','1','系统设置-机构用户-用户管理','1','2017-05-31 15:11:42','0:0:0:0:0:0:0:1','Mozilla/5.0 (Windows NT 6.1; WOW64) AppleWebKit/537.36 (KHTML, like Gecko) Chrome/58.0.3029.110 Safari/537.36','/sys/user/index','GET','',''),('0c6e706843e04ecca68be91a52be269b','1','通知通告-通知通告-我的通告','1','2017-06-01 13:42:39','0:0:0:0:0:0:0:1','Mozilla/5.0 (Windows NT 6.1; WOW64) AppleWebKit/537.36 (KHTML, like Gecko) Chrome/57.0.2987.133 Safari/537.36','/oa/oaNotify/self','GET','',''),('0c9884e153ec451a91304f803b562367','1','系统设置-机构用户-用户管理-查看','1','2017-05-31 19:40:06','0:0:0:0:0:0:0:1','Mozilla/5.0 (Windows NT 6.1; WOW64; rv:53.0) Gecko/20100101 Firefox/53.0','/sys/user/list','GET','',''),('0caad2e288694777acf6ef22019cb24c','1','系统设置-机构用户-用户管理','1','2017-05-31 15:18:20','0:0:0:0:0:0:0:1','Mozilla/5.0 (Windows NT 6.1; WOW64) AppleWebKit/537.36 (KHTML, like Gecko) Chrome/58.0.3029.110 Safari/537.36','/sys/user/index','GET','',''),('0cb069454dd745e0bf72cbe2b4ceb3a5','1','学校管理-教务管理-班级管理','1','2017-06-01 13:00:30','0:0:0:0:0:0:0:1','Mozilla/5.0 (Windows NT 6.1; WOW64) AppleWebKit/537.36 (KHTML, like Gecko) Chrome/57.0.2987.133 Safari/537.36','/school/schoolClass/','GET','',''),('0ced10f80d6a45f88158745b8f7bde9f','1','代码生成-代码生成-业务表配置','1','2017-05-31 18:14:45','0:0:0:0:0:0:0:1','Mozilla/5.0 (Windows NT 6.1; WOW64; rv:53.0) Gecko/20100101 Firefox/53.0','/gen/genTable','GET','',''),('0cf3b354e7be4995a7452a8e007d4058','1','系统设置-系统设置-菜单管理-修改','1','2017-05-31 15:04:20','0:0:0:0:0:0:0:1','Mozilla/5.0 (Windows NT 6.1; WOW64) AppleWebKit/537.36 (KHTML, like Gecko) Chrome/57.0.2987.133 Safari/537.36','/sys/menu/save','POST','parent.name=教务管理&name=证书办理&icon=&parent.id=6817fd8e79554e989ccd2266f60d0e92&permission=&id=&href=&sort=1000&remarks=&target=&isShow=1',''),('0d0812c73c04413d8c94ba314e041bc3','1','系统设置-机构用户-用户管理','1','2017-06-01 09:26:10','127.0.0.1','Mozilla/5.0 (Windows NT 6.1; WOW64) AppleWebKit/537.36 (KHTML, like Gecko) Chrome/58.0.3029.110 Safari/537.36','/sys/user/index','GET','',''),('0d0e55cdaddd4febad8ece79f0a95f9c','1','系统设置-机构用户-用户管理','1','2017-06-01 09:08:24','0:0:0:0:0:0:0:1','Mozilla/5.0 (Windows NT 6.1; WOW64; rv:53.0) Gecko/20100101 Firefox/53.0','/sys/user/index','GET','',''),('0d142a8d84664b00b3a460371bddf9ad','1','学校管理-教务管理-课程管理','1','2017-06-01 13:12:45','0:0:0:0:0:0:0:1','Mozilla/5.0 (Windows NT 6.1; WOW64) AppleWebKit/537.36 (KHTML, like Gecko) Chrome/57.0.2987.133 Safari/537.36','/lesson/schoolClassLesson/','GET','',''),('0d166de327ba41949e7093de3562d30f','1','系统设置-机构用户-用户管理-查看','1','2017-05-31 17:19:43','0:0:0:0:0:0:0:1','Mozilla/5.0 (Windows NT 6.1; WOW64; rv:53.0) Gecko/20100101 Firefox/53.0','/sys/user/list','GET','',''),('0d2a8b43c528464e8ebdff22e9c3641b','1','系统登录','1','2017-06-01 14:16:54','0:0:0:0:0:0:0:1','Mozilla/5.0 (Windows NT 6.1; WOW64) AppleWebKit/537.36 (KHTML, like Gecko) Chrome/58.0.3029.110 Safari/537.36','/','GET','',''),('0d314a844fa84c009dfc19c5e0d1a836','1','我的面板-个人信息-个人信息','1','2017-05-31 16:07:24','0:0:0:0:0:0:0:1','Mozilla/5.0 (Windows NT 6.1; WOW64; rv:53.0) Gecko/20100101 Firefox/53.0','/sys/user/info','GET','',''),('0d37a25671d4469cbc755a9f230a7065','1','系统登录','1','2017-06-01 15:08:10','0:0:0:0:0:0:0:1','Mozilla/5.0 (Windows NT 6.1; WOW64; rv:53.0) Gecko/20100101 Firefox/53.0','/','GET','',''),('0d46744bd7b3445f9b7c23ed924717e1','1','系统设置-机构用户-用户管理-查看','1','2017-06-01 11:41:00','0:0:0:0:0:0:0:1','Mozilla/5.0 (Windows NT 6.1; WOW64) AppleWebKit/537.36 (KHTML, like Gecko) Chrome/58.0.3029.110 Safari/537.36','/sys/user/list','GET','',''),('0d6c5bf706274188aec31f40642c963e','1','系统设置-机构用户-用户管理','1','2017-06-01 10:04:40','0:0:0:0:0:0:0:1','Mozilla/5.0 (Windows NT 6.1; WOW64; rv:53.0) Gecko/20100101 Firefox/53.0','/sys/user/index','GET','',''),('0d757eb0802446219ce3ecb2810864df','1','通知通告-通知通告-我的通告','1','2017-06-01 11:04:32','0:0:0:0:0:0:0:1','Mozilla/5.0 (Windows NT 6.1; WOW64; rv:53.0) Gecko/20100101 Firefox/53.0','/oa/oaNotify/self','GET','',''),('0d7af5a1d504431dade34fbbd63f0249','1','学校业务系统-教务管理-班级管理','1','2017-05-31 18:46:08','0:0:0:0:0:0:0:1','Mozilla/5.0 (Windows NT 6.1; WOW64) AppleWebKit/537.36 (KHTML, like Gecko) Chrome/58.0.3029.110 Safari/537.36','/schoollesson/schoolClass/','GET','',''),('0d7e7899d98a4112bbee1155546ef695','1','系统设置-系统设置-菜单管理-修改','1','2017-06-01 15:05:39','0:0:0:0:0:0:0:1','Mozilla/5.0 (Windows NT 6.1; WOW64; rv:53.0) Gecko/20100101 Firefox/53.0','/sys/menu/save','POST','parent.name=学校设置&name=证书设置&icon=&parent.id=498ef4e62b0d411db2a0e0fd171018e6&permission=schooleducationcertificate:schoolEducationCertificate:view,schooleducationcertificate:schoolEduca...&id=&href=/schooleducationcertificate/schoolEducationCertificate/&sort=40&remarks=&target=&isShow=1',''),('0d869b4fb4dc40049f085b99f15949a5','1','学校管理-招生管理-开班计划','1','2017-06-01 09:58:18','0:0:0:0:0:0:0:1','Mozilla/5.0 (Windows NT 6.1; WOW64) AppleWebKit/537.36 (KHTML, like Gecko) Chrome/58.0.3029.110 Safari/537.36','/communication/studentCommunication/','GET','',''),('0db1a6ee3d464b6d99fafc94e1eaae2e','1','通知通告-通知通告-我的通告','1','2017-06-01 11:57:31','0:0:0:0:0:0:0:1','Mozilla/5.0 (Windows NT 6.1; WOW64) AppleWebKit/537.36 (KHTML, like Gecko) Chrome/58.0.3029.110 Safari/537.36','/oa/oaNotify/self','GET','',''),('0dc23cf552d04a3a9793d86f5041872e','1','学校管理-系统基础-系统基础类型','1','2017-06-01 11:11:17','0:0:0:0:0:0:0:1','Mozilla/5.0 (Windows NT 6.1; WOW64; rv:53.0) Gecko/20100101 Firefox/53.0','/commonsType/commonsType/','GET','',''),('0dd26ca353d94fdb86a20fda156a7500','1','我的面板-个人信息-个人信息','1','2017-05-31 16:15:25','0:0:0:0:0:0:0:1','Mozilla/5.0 (Windows NT 6.1; WOW64; rv:53.0) Gecko/20100101 Firefox/53.0','/sys/user/info','GET','',''),('0dd31d92f502402caa52a3faf712c9a5','1','代码生成-代码生成-业务表配置','1','2017-06-01 09:37:18','0:0:0:0:0:0:0:1','Mozilla/5.0 (Windows NT 6.1; WOW64) AppleWebKit/537.36 (KHTML, like Gecko) Chrome/58.0.3029.110 Safari/537.36','/gen/genTable','GET','',''),('0dd58e19432a443ba6668c0b0ece5bd4','1','代码生成-代码生成-业务表配置','1','2017-05-31 18:54:20','0:0:0:0:0:0:0:1','Mozilla/5.0 (Windows NT 6.1; WOW64; rv:53.0) Gecko/20100101 Firefox/53.0','/gen/genTable','GET','',''),('0dd79371b8874616abf9fd879f00083d','1','系统设置-机构用户-用户管理','1','2017-05-31 16:07:32','0:0:0:0:0:0:0:1','Mozilla/5.0 (Windows NT 6.1; WOW64; rv:53.0) Gecko/20100101 Firefox/53.0','/sys/user/index','GET','',''),('0dde7fb6544b4bf79210feadae88c776','1','系统设置-系统设置-菜单管理-查看','1','2017-05-31 14:54:49','0:0:0:0:0:0:0:1','Mozilla/5.0 (Windows NT 6.1; WOW64) AppleWebKit/537.36 (KHTML, like Gecko) Chrome/57.0.2987.133 Safari/537.36','/sys/menu/form','GET','id=40',''),('0de2bcd5e9d6402da431f8600be07439','1','系统设置-机构用户-用户管理-查看','1','2017-05-31 15:45:41','0:0:0:0:0:0:0:1','Mozilla/5.0 (Windows NT 6.1; WOW64; rv:53.0) Gecko/20100101 Firefox/53.0','/sys/user/list','GET','',''),('0e04d5f58f5340459d9d3eb04718f13e','1','内容管理-内容管理-内容发布','1','2017-05-31 13:57:59','0:0:0:0:0:0:0:1','Mozilla/5.0 (Windows NT 6.1; WOW64) AppleWebKit/537.36 (KHTML, like Gecko) Chrome/57.0.2987.133 Safari/537.36','/cms/','GET','',''),('0e19703d64f3435b9738ccdab1d8763d','1','系统设置-系统设置-菜单管理-修改','1','2017-05-31 15:10:29','0:0:0:0:0:0:0:1','Mozilla/5.0 (Windows NT 6.1; WOW64) AppleWebKit/537.36 (KHTML, like Gecko) Chrome/58.0.3029.110 Safari/537.36','/sys/menu/save','POST','parent.name=宿舍管理&name=宿舍管理&icon=&parent.id=53c4fea6b00d47fbb6c49ab1ddbd7080&permission=&id=&href=&sort=30&remarks=&target=&isShow=1',''),('0e4766c7f55a437f8e9f53ace23c5428','1','内容管理-内容管理-公共留言-查看','1','2017-05-31 19:16:14','0:0:0:0:0:0:0:1','Mozilla/5.0 (Macintosh; Intel Mac OS X 10_12_5) AppleWebKit/537.36 (KHTML, like Gecko) Chrome/58.0.3029.110 Safari/537.36','/cms/guestbook/','GET','status=2',''),('0e4c542c0e7f414ca86a27d70ffa6333','1','系统设置-系统设置-角色管理','1','2017-05-31 15:37:45','0:0:0:0:0:0:0:1','Mozilla/5.0 (Windows NT 6.1; WOW64) AppleWebKit/537.36 (KHTML, like Gecko) Chrome/58.0.3029.110 Safari/537.36','/sys/role/','GET','',''),('0e57580f6248475cbb92c26f59dca2c7','1','学校管理-教务管理-课程管理','1','2017-06-01 13:15:41','0:0:0:0:0:0:0:1','Mozilla/5.0 (Windows NT 6.1; WOW64) AppleWebKit/537.36 (KHTML, like Gecko) Chrome/57.0.2987.133 Safari/537.36','/lesson/schoolClassLesson/','GET','',''),('0e601289d14342b1988471f4ef5e2188','1','学校管理-招生管理-开班计划','1','2017-06-01 10:13:59','0:0:0:0:0:0:0:1','Mozilla/5.0 (Windows NT 6.1; WOW64; rv:53.0) Gecko/20100101 Firefox/53.0','/communication/studentCommunication/','GET','',''),('0e63a3944f37497f93d5b5a4dc008496','1','系统设置-机构用户-用户管理-查看','1','2017-05-31 15:47:29','0:0:0:0:0:0:0:1','Mozilla/5.0 (Windows NT 6.1; WOW64) AppleWebKit/537.36 (KHTML, like Gecko) Chrome/57.0.2987.133 Safari/537.36','/sys/user/list','GET','',''),('0e763bbff5694ab588a7c6b4cb3021cc','1','代码生成-代码生成-业务表配置','1','2017-05-31 11:53:06','0:0:0:0:0:0:0:1','Mozilla/5.0 (Windows NT 6.1; WOW64) AppleWebKit/537.36 (KHTML, like Gecko) Chrome/58.0.3029.110 Safari/537.36','/gen/genTable','GET','',''),('0ebce8d2d2034369965e7b430cc2ba8d','1','系统设置-系统设置-菜单管理','1','2017-05-31 15:52:44','127.0.0.1','Mozilla/5.0 (Windows NT 6.1; WOW64; rv:53.0) Gecko/20100101 Firefox/53.0','/sys/menu/','GET','',''),('0ec8dcd800284e028d90d36fc42231ce','1','学校管理-招生管理-生源管理','1','2017-06-01 11:08:01','0:0:0:0:0:0:0:1','Mozilla/5.0 (Windows NT 6.1; WOW64; rv:53.0) Gecko/20100101 Firefox/53.0','/enroll/studentEnroll/','GET','',''),('0ecddf9362c64c0e9dd13bb8030df31e','1','代码生成-代码生成-生成方案配置','1','2017-05-31 14:25:42','0:0:0:0:0:0:0:1','Mozilla/5.0 (Windows NT 6.1; WOW64; rv:53.0) Gecko/20100101 Firefox/53.0','/gen/genScheme','GET','',''),('0ef8bb6d94e04cc1b8a0d25c30802866','1','系统设置-机构用户-用户管理-查看','1','2017-06-01 10:06:43','0:0:0:0:0:0:0:1','Mozilla/5.0 (Windows NT 6.1; WOW64) AppleWebKit/537.36 (KHTML, like Gecko) Chrome/57.0.2987.133 Safari/537.36','/sys/user/list','GET','',''),('0f2a9c514a5a4774866a9fae5b0e7137','1','系统设置-机构用户-用户管理-查看','1','2017-05-31 17:25:47','0:0:0:0:0:0:0:1','Mozilla/5.0 (Windows NT 6.1; WOW64; rv:53.0) Gecko/20100101 Firefox/53.0','/sys/user/list','GET','',''),('0f4b964e92f948a68430de7d29ad036a','1','系统设置-机构用户-用户管理-查看','1','2017-06-01 11:11:30','0:0:0:0:0:0:0:1','Mozilla/5.0 (Windows NT 6.1; WOW64; rv:53.0) Gecko/20100101 Firefox/53.0','/sys/user/list','GET','',''),('0f5fde5e94584164936cc9bc935df74f','1','学校管理-教学管理-请假管理','1','2017-06-01 09:53:33','0:0:0:0:0:0:0:1','Mozilla/5.0 (Windows NT 6.1; WOW64) AppleWebKit/537.36 (KHTML, like Gecko) Chrome/58.0.3029.110 Safari/537.36','/schoolleave/schoolLeave/','POST','pageSize=30&pageNo=1',''),('0f6f05ef62764a24903abdcc6c275f9b','1','系统设置-机构用户-用户管理','1','2017-06-01 10:34:02','0:0:0:0:0:0:0:1','Mozilla/5.0 (Windows NT 6.1; WOW64) AppleWebKit/537.36 (KHTML, like Gecko) Chrome/58.0.3029.110 Safari/537.36','/sys/user/index','GET','',''),('0f72c4acc82540df8fc14f15f31e7b61','1','系统设置-系统设置-菜单管理-查看','1','2017-06-01 11:51:23','0:0:0:0:0:0:0:1','Mozilla/5.0 (Windows NT 6.1; WOW64) AppleWebKit/537.36 (KHTML, like Gecko) Chrome/58.0.3029.110 Safari/537.36','/sys/menu/form','GET','id=34412bc67fc143c3976a734c2f9f1730',''),('0f844018e6eb493bb5a8cda01123f646','1','代码生成-代码生成-生成方案配置','1','2017-05-31 09:43:41','0:0:0:0:0:0:0:1','Mozilla/5.0 (Macintosh; Intel Mac OS X 10_12_5) AppleWebKit/537.36 (KHTML, like Gecko) Chrome/58.0.3029.110 Safari/537.36','/gen/genScheme','GET','',''),('0fa2405fd1ec4836a3af24c47584fafa','1','系统设置-系统设置-字典管理-查看','1','2017-06-01 09:36:31','0:0:0:0:0:0:0:1','Mozilla/5.0 (Windows NT 6.1; WOW64) AppleWebKit/537.36 (KHTML, like Gecko) Chrome/58.0.3029.110 Safari/537.36','/sys/dict/form','GET','id=7',''),('0fb031232523478d864cc0002f19348e','1','系统登录','1','2017-05-31 14:46:14','0:0:0:0:0:0:0:1','Mozilla/5.0 (Windows NT 6.1; WOW64) AppleWebKit/537.36 (KHTML, like Gecko) Chrome/57.0.2987.133 Safari/537.36','/','GET','login=',''),('0fb2dcd705114b528621327106c2f913','1','学校管理-教务管理-班级管理','1','2017-06-01 13:41:10','0:0:0:0:0:0:0:1','Mozilla/5.0 (Windows NT 6.1; WOW64) AppleWebKit/537.36 (KHTML, like Gecko) Chrome/57.0.2987.133 Safari/537.36','/school/schoolClass/','GET','',''),('0fb95fc814f6462fa390c2bcab719658','1','系统设置-机构用户-用户管理','1','2017-05-31 18:24:45','0:0:0:0:0:0:0:1','Mozilla/5.0 (Windows NT 6.1; WOW64) AppleWebKit/537.36 (KHTML, like Gecko) Chrome/58.0.3029.110 Safari/537.36','/sys/user/index','GET','',''),('0fc4fc6b37d84a7e8563242e043ceebb','1','系统设置-机构用户-用户管理-查看','1','2017-05-31 14:25:34','0:0:0:0:0:0:0:1','Mozilla/5.0 (Windows NT 6.1; WOW64; rv:53.0) Gecko/20100101 Firefox/53.0','/sys/user/list','GET','',''),('0fcec55d3c59408cb2fde755a8c35d17','1','学校管理-前台业务-学员信息管理','1','2017-06-01 11:04:13','127.0.0.1','Mozilla/5.0 (Windows NT 6.1; WOW64; rv:53.0) Gecko/20100101 Firefox/53.0','/invoice','GET','',''),('0fd0956adab1409b8979ab19bc6287b3','1','代码生成-代码生成-生成方案配置','1','2017-06-01 09:37:51','0:0:0:0:0:0:0:1','Mozilla/5.0 (Windows NT 6.1; WOW64) AppleWebKit/537.36 (KHTML, like Gecko) Chrome/58.0.3029.110 Safari/537.36','/gen/genScheme','GET','',''),('0fd1a7e4b178441690f68b3f9149890e','1','代码生成-代码生成-生成方案配置','1','2017-06-01 13:48:26','0:0:0:0:0:0:0:1','Mozilla/5.0 (Windows NT 6.1; WOW64) AppleWebKit/537.36 (KHTML, like Gecko) Chrome/58.0.3029.110 Safari/537.36','/gen/genScheme','GET','',''),('0fdf26522a514bf3bd988dbcb65e3d84','1','我的面板-个人信息-个人信息','1','2017-05-31 09:48:56','0:0:0:0:0:0:0:1','Mozilla/5.0 (Macintosh; Intel Mac OS X 10_12_5) AppleWebKit/537.36 (KHTML, like Gecko) Chrome/58.0.3029.110 Safari/537.36','/sys/user/info','GET','',''),('0fe95cf0b35546cc93a152aaec163230','1','系统设置-系统设置-菜单管理-查看','1','2017-06-01 09:27:48','127.0.0.1','Mozilla/5.0 (Windows NT 6.1; WOW64) AppleWebKit/537.36 (KHTML, like Gecko) Chrome/58.0.3029.110 Safari/537.36','/sys/menu/form','GET','id=3966fef832a849a1ac2c2cde34f1edf2',''),('0fea2965c8cf4b998f0cfa2f7cd89cb6','1','系统设置-机构用户-用户管理','1','2017-06-01 10:22:56','0:0:0:0:0:0:0:1','Mozilla/5.0 (Windows NT 6.1; WOW64; rv:53.0) Gecko/20100101 Firefox/53.0','/sys/user/index','GET','',''),('0fea9a20dfc4405aae8691d287397b90','1','学校管理-前台业务-学员报名','1','2017-06-01 09:14:00','0:0:0:0:0:0:0:1','Mozilla/5.0 (Windows NT 6.1; WOW64; rv:53.0) Gecko/20100101 Firefox/53.0','/commonsType','GET','',''),('447906232393535488','1','系统登录','1','2017-11-14 15:14:22','127.0.0.1','Mozilla/5.0 (Macintosh; Intel Mac OS X 10_13_1) AppleWebKit/537.36 (KHTML, like Gecko) Chrome/62.0.3202.94 Safari/537.36','/','GET','login=',''),('447908260511485952','1','系统登录','1','2017-11-14 15:22:26','127.0.0.1','Mozilla/5.0 (Macintosh; Intel Mac OS X 10_13_1) AppleWebKit/537.36 (KHTML, like Gecko) Chrome/62.0.3202.94 Safari/537.36','/','GET','login=',''),('447909040077410304','1','系统登录','1','2017-11-14 15:25:32','127.0.0.1','Mozilla/5.0 (Macintosh; Intel Mac OS X 10_13_1) AppleWebKit/537.36 (KHTML, like Gecko) Chrome/62.0.3202.94 Safari/537.36','/','GET','login=',''),('447909801024819200','1','系统登录','1','2017-11-14 15:28:33','127.0.0.1','Mozilla/5.0 (Macintosh; Intel Mac OS X 10_13_1) AppleWebKit/537.36 (KHTML, like Gecko) Chrome/62.0.3202.94 Safari/537.36','/sys/user/list','GET','repage=',''),('447912254034153472','1','系统登录','1','2017-11-14 15:38:18','127.0.0.1','Mozilla/5.0 (Macintosh; Intel Mac OS X 10_13_1) AppleWebKit/537.36 (KHTML, like Gecko) Chrome/62.0.3202.94 Safari/537.36','/','GET','login=',''),('447912358031921152','1','菜单管理','1','2017-11-14 15:38:43','127.0.0.1','Mozilla/5.0 (Macintosh; Intel Mac OS X 10_13_1) AppleWebKit/537.36 (KHTML, like Gecko) Chrome/62.0.3202.94 Safari/537.36','/sys/menu/','GET','',''),('447912373219495936','1','日志查询','1','2017-11-14 15:38:46','127.0.0.1','Mozilla/5.0 (Macintosh; Intel Mac OS X 10_13_1) AppleWebKit/537.36 (KHTML, like Gecko) Chrome/62.0.3202.94 Safari/537.36','/sys/log','GET','',''),('447912396384636928','1','缓存配置','1','2017-11-14 15:38:52','127.0.0.1','Mozilla/5.0 (Macintosh; Intel Mac OS X 10_13_1) AppleWebKit/537.36 (KHTML, like Gecko) Chrome/62.0.3202.94 Safari/537.36','/erp/redisconfig/list/','GET','',''),('447912400033681408','1','框架字典','1','2017-11-14 15:38:53','127.0.0.1','Mozilla/5.0 (Macintosh; Intel Mac OS X 10_13_1) AppleWebKit/537.36 (KHTML, like Gecko) Chrome/62.0.3202.94 Safari/537.36','/sys/dict/','GET','',''),('447912404534169600','1','地址管理','1','2017-11-14 15:38:54','127.0.0.1','Mozilla/5.0 (Macintosh; Intel Mac OS X 10_13_1) AppleWebKit/537.36 (KHTML, like Gecko) Chrome/62.0.3202.94 Safari/537.36','/sys/area/','GET','',''),('447912415732961280','1','日志查询','1','2017-11-14 15:38:56','127.0.0.1','Mozilla/5.0 (Macintosh; Intel Mac OS X 10_13_1) AppleWebKit/537.36 (KHTML, like Gecko) Chrome/62.0.3202.94 Safari/537.36','/sys/log','GET','',''),('447912430912147456','1','用户管理','1','2017-11-14 15:39:00','127.0.0.1','Mozilla/5.0 (Macintosh; Intel Mac OS X 10_13_1) AppleWebKit/537.36 (KHTML, like Gecko) Chrome/62.0.3202.94 Safari/537.36','/sys/user/index','GET','',''),('447912434124984320','1','查看','1','2017-11-14 15:39:01','127.0.0.1','Mozilla/5.0 (Macintosh; Intel Mac OS X 10_13_1) AppleWebKit/537.36 (KHTML, like Gecko) Chrome/62.0.3202.94 Safari/537.36','/sys/user/list','GET','',''),('447912443075629056','1','菜单管理','1','2017-11-14 15:39:03','127.0.0.1','Mozilla/5.0 (Macintosh; Intel Mac OS X 10_13_1) AppleWebKit/537.36 (KHTML, like Gecko) Chrome/62.0.3202.94 Safari/537.36','/sys/menu/','GET','',''),('447912447181852672','1','角色管理','1','2017-11-14 15:39:04','127.0.0.1','Mozilla/5.0 (Macintosh; Intel Mac OS X 10_13_1) AppleWebKit/537.36 (KHTML, like Gecko) Chrome/62.0.3202.94 Safari/537.36','/sys/role/','GET','',''),('447912453959847936','1','修改','1','2017-11-14 15:39:06','127.0.0.1','Mozilla/5.0 (Macintosh; Intel Mac OS X 10_13_1) AppleWebKit/537.36 (KHTML, like Gecko) Chrome/62.0.3202.94 Safari/537.36','/sys/role/assign','GET','id=1',''),('447912468430196736','1','角色管理','1','2017-11-14 15:39:09','127.0.0.1','Mozilla/5.0 (Macintosh; Intel Mac OS X 10_13_1) AppleWebKit/537.36 (KHTML, like Gecko) Chrome/62.0.3202.94 Safari/537.36','/sys/role/','GET','',''),('447912478425223168','1','查看','1','2017-11-14 15:39:11','127.0.0.1','Mozilla/5.0 (Macintosh; Intel Mac OS X 10_13_1) AppleWebKit/537.36 (KHTML, like Gecko) Chrome/62.0.3202.94 Safari/537.36','/sys/role/form','GET','id=1',''),('447912488961314816','1','角色管理','1','2017-11-14 15:39:14','127.0.0.1','Mozilla/5.0 (Macintosh; Intel Mac OS X 10_13_1) AppleWebKit/537.36 (KHTML, like Gecko) Chrome/62.0.3202.94 Safari/537.36','/sys/role/','GET','',''),('447912504387964928','1','修改','1','2017-11-14 15:39:18','127.0.0.1','Mozilla/5.0 (Macintosh; Intel Mac OS X 10_13_1) AppleWebKit/537.36 (KHTML, like Gecko) Chrome/62.0.3202.94 Safari/537.36','/sys/role/assign','GET','id=1',''),('447912539485900800','1','角色管理','1','2017-11-14 15:39:26','127.0.0.1','Mozilla/5.0 (Macintosh; Intel Mac OS X 10_13_1) AppleWebKit/537.36 (KHTML, like Gecko) Chrome/62.0.3202.94 Safari/537.36','/sys/role/','GET','','');
/*!40000 ALTER TABLE `sys_log` ENABLE KEYS */;
UNLOCK TABLES;

--
-- Table structure for table `sys_mdict`
--

DROP TABLE IF EXISTS `sys_mdict`;
/*!40101 SET @saved_cs_client     = @@character_set_client */;
/*!40101 SET character_set_client = utf8 */;
CREATE TABLE `sys_mdict` (
  `id` bigint(20) NOT NULL,
  `parent_id` varchar(64) COLLATE utf8_bin NOT NULL COMMENT '父级编号',
  `parent_ids` varchar(2000) COLLATE utf8_bin NOT NULL COMMENT '所有父级编号',
  `name` varchar(100) COLLATE utf8_bin NOT NULL COMMENT '名称',
  `sort` decimal(10,0) NOT NULL COMMENT '排序',
  `description` varchar(100) COLLATE utf8_bin DEFAULT NULL COMMENT '描述',
  `create_by` varchar(64) COLLATE utf8_bin NOT NULL COMMENT '创建者',
  `create_date` datetime NOT NULL COMMENT '创建时间',
  `update_by` varchar(64) COLLATE utf8_bin NOT NULL COMMENT '更新者',
  `update_date` datetime NOT NULL COMMENT '更新时间',
  `remarks` varchar(255) COLLATE utf8_bin DEFAULT NULL COMMENT '备注信息',
  `del_flag` char(1) COLLATE utf8_bin NOT NULL DEFAULT '0' COMMENT '删除标记',
  PRIMARY KEY (`id`),
  KEY `sys_mdict_parent_id` (`parent_id`),
  KEY `sys_mdict_del_flag` (`del_flag`)
) ENGINE=InnoDB DEFAULT CHARSET=utf8 COLLATE=utf8_bin COMMENT='多级字典表';
/*!40101 SET character_set_client = @saved_cs_client */;

--
-- Dumping data for table `sys_mdict`
--

LOCK TABLES `sys_mdict` WRITE;
/*!40000 ALTER TABLE `sys_mdict` DISABLE KEYS */;
/*!40000 ALTER TABLE `sys_mdict` ENABLE KEYS */;
UNLOCK TABLES;

--
-- Table structure for table `sys_menu`
--

DROP TABLE IF EXISTS `sys_menu`;
/*!40101 SET @saved_cs_client     = @@character_set_client */;
/*!40101 SET character_set_client = utf8 */;
CREATE TABLE `sys_menu` (
  `id` bigint(20) NOT NULL,
  `parent_id` varchar(64) COLLATE utf8_bin NOT NULL COMMENT '父级编号',
  `parent_ids` varchar(2000) COLLATE utf8_bin NOT NULL COMMENT '所有父级编号',
  `name` varchar(100) COLLATE utf8_bin NOT NULL COMMENT '名称',
  `sort` decimal(10,0) NOT NULL COMMENT '排序',
  `href` varchar(2000) COLLATE utf8_bin DEFAULT NULL COMMENT '链接',
  `target` varchar(20) COLLATE utf8_bin DEFAULT NULL COMMENT '目标',
  `icon` varchar(100) COLLATE utf8_bin DEFAULT NULL COMMENT '图标',
  `is_show` char(1) COLLATE utf8_bin NOT NULL COMMENT '是否在菜单中显示',
  `permission` varchar(200) COLLATE utf8_bin DEFAULT NULL COMMENT '权限标识',
  `create_by` varchar(64) COLLATE utf8_bin NOT NULL COMMENT '创建者',
  `create_date` datetime NOT NULL COMMENT '创建时间',
  `update_by` varchar(64) COLLATE utf8_bin NOT NULL COMMENT '更新者',
  `update_date` datetime NOT NULL COMMENT '更新时间',
  `remarks` varchar(255) COLLATE utf8_bin DEFAULT NULL COMMENT '备注信息',
  `del_flag` char(1) COLLATE utf8_bin NOT NULL DEFAULT '0' COMMENT '删除标记',
  PRIMARY KEY (`id`),
  KEY `sys_menu_parent_id` (`parent_id`),
  KEY `sys_menu_del_flag` (`del_flag`)
) ENGINE=InnoDB DEFAULT CHARSET=utf8 COLLATE=utf8_bin COMMENT='菜单表';
/*!40101 SET character_set_client = @saved_cs_client */;

--
-- Dumping data for table `sys_menu`
--

LOCK TABLES `sys_menu` WRITE;
/*!40000 ALTER TABLE `sys_menu` DISABLE KEYS */;
INSERT INTO `sys_menu` VALUES (1,'0','0,','功能菜单',0,NULL,NULL,NULL,'1',NULL,'1','2013-05-27 08:00:00','1','2013-05-27 08:00:00',NULL,'0'),(2,'1','0,1,','设置',12,'','','','1','','1','2013-05-27 08:00:00','1','2017-08-16 20:41:39','','0'),(3,'2','0,1,2,','权限管理',0,'','','','1','','1','2013-05-27 08:00:00','1','2017-07-04 10:47:38','','0'),(4,'3','0,1,2,3,','菜单管理',1,'/sys/menu/',NULL,'list-alt','1','sys:menu:view','1','2013-05-27 08:00:00','1','2013-05-27 08:00:00',NULL,'0'),(6,'4','0,1,2,3,4,','修改',40,NULL,NULL,NULL,'0','sys:menu:edit','1','2013-05-27 08:00:00','1','2013-05-27 08:00:00',NULL,'0'),(7,'3','0,1,2,3,','角色管理',2,'/sys/role/','','lock','1','','1','2013-05-27 08:00:00','1','2017-07-04 10:37:22','','0'),(8,'7','0,1,2,3,7,','查看',30,NULL,NULL,NULL,'0','sys:role:view','1','2013-05-27 08:00:00','1','2013-05-27 08:00:00',NULL,'0'),(9,'7','0,1,2,3,7,','修改',40,NULL,NULL,NULL,'0','sys:role:edit','1','2013-05-27 08:00:00','1','2013-05-27 08:00:00',NULL,'0'),(10,'399641207413673984','0,1,2,399641207413673984,','框架字典',3,'/sys/dict/','','th-list','1','','1','2013-05-27 08:00:00','1','2017-07-04 10:46:58','','0'),(11,'10','0,1,2,399641207413673984,10,','查看',30,NULL,NULL,NULL,'0','sys:dict:view','1','2013-05-27 08:00:00','1','2013-05-27 08:00:00',NULL,'0'),(12,'10','0,1,2,399641207413673984,10,','修改',40,NULL,NULL,NULL,'0','sys:dict:edit','1','2013-05-27 08:00:00','1','2013-05-27 08:00:00',NULL,'0'),(13,'2','0,1,2,','用户管理',0,'','','','1','','1','2013-05-27 08:00:00','1','2017-07-04 10:48:08','','0'),(14,'399641207413673984','0,1,2,399641207413673984,','地址管理',1,'/sys/area/','','th','1','','1','2013-05-27 08:00:00','1','2017-07-04 10:46:40','','0'),(15,'14','0,1,2,399641207413673984,14,','查看',30,NULL,NULL,NULL,'0','sys:area:view','1','2013-05-27 08:00:00','1','2013-05-27 08:00:00',NULL,'0'),(16,'14','0,1,2,399641207413673984,14,','修改',40,NULL,NULL,NULL,'0','sys:area:edit','1','2013-05-27 08:00:00','1','2013-05-27 08:00:00',NULL,'0'),(17,'399640261942054912','0,1,2,399640261942054912,','部门设置',2,'/sys/office/','','th-large','1','','1','2013-05-27 08:00:00','1','2017-07-04 10:44:25','','0'),(18,'17','0,1,2,399640261942054912,17,','查看',30,NULL,NULL,NULL,'0','sys:office:view','1','2013-05-27 08:00:00','1','2013-05-27 08:00:00',NULL,'0'),(19,'17','0,1,2,399640261942054912,17,','修改',40,NULL,NULL,NULL,'0','sys:office:edit','1','2013-05-27 08:00:00','1','2013-05-27 08:00:00',NULL,'0'),(20,'13','0,1,2,13,','用户管理',1,'/sys/user/index',NULL,'user','1',NULL,'1','2013-05-27 08:00:00','1','2013-05-27 08:00:00',NULL,'0'),(21,'20','0,1,2,13,20,','查看',30,NULL,NULL,NULL,'0','sys:user:view','1','2013-05-27 08:00:00','1','2013-05-27 08:00:00',NULL,'0'),(22,'20','0,1,2,13,20,','修改',40,NULL,NULL,NULL,'0','sys:user:edit','1','2013-05-27 08:00:00','1','2013-05-27 08:00:00',NULL,'0'),(60,'31','0,1,31,','统计分析',600,NULL,NULL,NULL,'1',NULL,'1','2013-05-27 08:00:00','1','2013-05-27 08:00:00',NULL,'0'),(61,'60','0,1,31,60,','信息量统计',30,'/cms/stats/article',NULL,'tasks','1','cms:stats:article','1','2013-05-27 08:00:00','1','2013-05-27 08:00:00',NULL,'0'),(67,'2','0,1,2,','日志查询',9,NULL,NULL,NULL,'1',NULL,'1','2013-06-03 08:00:00','1','2013-06-03 08:00:00',NULL,'0'),(68,'67','0,1,2,67,','日志查询',1,'/sys/log',NULL,'pencil','1','sys:log:view','1','2013-06-03 08:00:00','1','2013-06-03 08:00:00',NULL,'0'),(69,'62','0,1,62,','流程管理',300,NULL,NULL,NULL,'1',NULL,'1','2013-05-27 08:00:00','1','2013-05-27 08:00:00',NULL,'0'),(70,'69','0,1,62,69,','流程管理',50,'/act/process',NULL,'road','1','act:process:edit','1','2013-05-27 08:00:00','1','2013-05-27 08:00:00',NULL,'0'),(79,'1','0,1,','代码生成',12,'','','','0','','1','2013-10-16 08:00:00','1','2017-08-16 20:40:48','','0'),(80,'79','0,1,79,','代码生成',50,NULL,NULL,NULL,'1',NULL,'1','2013-10-16 08:00:00','1','2013-10-16 08:00:00',NULL,'0'),(81,'80','0,1,79,80,','生成方案配置',30,'/gen/genScheme',NULL,NULL,'1','gen:genScheme:view,gen:genScheme:edit','1','2013-10-16 08:00:00','1','2013-10-16 08:00:00',NULL,'0'),(82,'80','0,1,79,80,','业务表配置',20,'/gen/genTable',NULL,NULL,'1','gen:genTable:view,gen:genTable:edit,gen:genTableColumn:view,gen:genTableColumn:edit','1','2013-10-16 08:00:00','1','2013-10-16 08:00:00',NULL,'0'),(84,'67','0,1,2,67,','连接池监视',2,'/../druid',NULL,NULL,'1',NULL,'1','2013-10-18 08:00:00','1','2013-10-18 08:00:00',NULL,'0'),(85,'76','0,1,75,76,','行政区域',80,'/../static/map/map-city.html',NULL,NULL,'1',NULL,'1','2013-10-22 08:00:00','1','2013-10-22 08:00:00',NULL,'0'),(88,'387804229927964672','0,1,387804229927964672','通知通告',20,'','','','1','','1','2013-11-08 08:00:00','1','2013-11-08 08:00:00',NULL,'0'),(387807708012613632,'399641207413673984','0,1,2,399641207413673984,','基础类型',2,'/erp/commonsType/list','','book','1','erp:commonsType:list','1','2017-06-01 19:04:17','1','2017-07-25 16:50:42','','1'),(397821800639107072,'397821800639107072','0,1,397821800639107072,397821800639107072,','员工定级',5030,'','','','1','','1','2017-06-29 10:16:43','1','2017-06-29 10:18:01','','0'),(399640261942054912,'2','0,1,2,','人事设置',2,'','','','1','','1','2017-07-04 10:42:38','1','2017-07-04 10:42:38','','0'),(399641207413673984,'2','0,1,2,','基础设置',8,'','','','1','','1','2017-07-04 10:46:24','1','2017-07-04 10:46:24','','0'),(407264404367740928,'387807708012613632','0,1,2,399641207413673984,387807708012613632,','基础类型表单',30,'/erp/commonsType/form','','','0','erp:commonsType:form','1','2017-07-25 11:38:15','1','2017-07-25 15:45:37','','1'),(407264798468739072,'387807708012613632','0,1,2,399641207413673984,387807708012613632,','基础类型新增/修改',60,'/erp/commonsType/save','','','0','erp:commonsType:save','1','2017-07-25 11:39:49','1','2017-07-25 15:45:49','','1'),(407264926533423104,'387807708012613632','0,1,2,399641207413673984,387807708012613632,','基础类型删除',90,'/erp/commonsType/delete','','','0','erp:commonsType:delete','1','2017-07-25 11:40:20','1','2017-07-25 15:46:02','','1'),(407342930047537152,'387807708012613632','0,1,2,399641207413673984,387807708012613632,','基础类型-更新缓存',120,'/erp/commonsType/updateCache','','','0','erp:commonsType:updateCache','1','2017-07-25 16:50:17','1','2017-07-25 16:52:09','','1'),(429746849813893120,'399641207413673984','0,1,2,399641207413673984,','缓存配置',33,'/erp/redisconfig/list/','','','1','erp:redisconfig:redisConfig:view,erp:redisconfig:redisConfig:edit','1','2017-09-25 12:35:28','1','2017-09-25 12:35:28','','0');
/*!40000 ALTER TABLE `sys_menu` ENABLE KEYS */;
UNLOCK TABLES;

--
-- Table structure for table `sys_notify`
--

DROP TABLE IF EXISTS `sys_notify`;
/*!40101 SET @saved_cs_client     = @@character_set_client */;
/*!40101 SET character_set_client = utf8 */;
CREATE TABLE `sys_notify` (
  `id` bigint(20) NOT NULL,
  `type` char(1) COLLATE utf8_bin DEFAULT NULL COMMENT '类型',
  `title` varchar(200) COLLATE utf8_bin DEFAULT NULL COMMENT '标题',
  `content` varchar(2000) COLLATE utf8_bin DEFAULT NULL COMMENT '内容',
  `files` varchar(2000) COLLATE utf8_bin DEFAULT NULL COMMENT '附件',
  `status` char(1) COLLATE utf8_bin DEFAULT NULL COMMENT '状态',
  `create_by` varchar(64) COLLATE utf8_bin NOT NULL COMMENT '创建者',
  `create_date` datetime NOT NULL COMMENT '创建时间',
  `update_by` varchar(64) COLLATE utf8_bin NOT NULL COMMENT '更新者',
  `update_date` datetime NOT NULL COMMENT '更新时间',
  `remarks` varchar(255) COLLATE utf8_bin DEFAULT NULL COMMENT '备注信息',
  `del_flag` char(1) COLLATE utf8_bin NOT NULL DEFAULT '0' COMMENT '删除标记',
  PRIMARY KEY (`id`),
  KEY `oa_notify_del_flag` (`del_flag`)
) ENGINE=InnoDB DEFAULT CHARSET=utf8 COLLATE=utf8_bin COMMENT='通知通告';
/*!40101 SET character_set_client = @saved_cs_client */;

--
-- Dumping data for table `sys_notify`
--

LOCK TABLES `sys_notify` WRITE;
/*!40000 ALTER TABLE `sys_notify` DISABLE KEYS */;
/*!40000 ALTER TABLE `sys_notify` ENABLE KEYS */;
UNLOCK TABLES;

--
-- Table structure for table `sys_notify_record`
--

DROP TABLE IF EXISTS `sys_notify_record`;
/*!40101 SET @saved_cs_client     = @@character_set_client */;
/*!40101 SET character_set_client = utf8 */;
CREATE TABLE `sys_notify_record` (
  `id` bigint(20) NOT NULL,
  `oa_notify_id` varchar(64) COLLATE utf8_bin DEFAULT NULL COMMENT '通知通告ID',
  `user_id` varchar(64) COLLATE utf8_bin DEFAULT NULL COMMENT '接受人',
  `read_flag` char(1) COLLATE utf8_bin DEFAULT '0' COMMENT '阅读标记',
  `read_date` date DEFAULT NULL COMMENT '阅读时间',
  PRIMARY KEY (`id`),
  KEY `oa_notify_record_notify_id` (`oa_notify_id`),
  KEY `oa_notify_record_user_id` (`user_id`),
  KEY `oa_notify_record_read_flag` (`read_flag`)
) ENGINE=InnoDB DEFAULT CHARSET=utf8 COLLATE=utf8_bin COMMENT='通知通告发送记录';
/*!40101 SET character_set_client = @saved_cs_client */;

--
-- Dumping data for table `sys_notify_record`
--

LOCK TABLES `sys_notify_record` WRITE;
/*!40000 ALTER TABLE `sys_notify_record` DISABLE KEYS */;
/*!40000 ALTER TABLE `sys_notify_record` ENABLE KEYS */;
UNLOCK TABLES;

--
-- Table structure for table `sys_office`
--

DROP TABLE IF EXISTS `sys_office`;
/*!40101 SET @saved_cs_client     = @@character_set_client */;
/*!40101 SET character_set_client = utf8 */;
CREATE TABLE `sys_office` (
  `id` bigint(20) NOT NULL,
  `parent_id` bigint(20) NOT NULL,
  `parent_ids` varchar(2000) COLLATE utf8_bin NOT NULL COMMENT '所有父级编号',
  `name` varchar(100) COLLATE utf8_bin NOT NULL COMMENT '名称',
  `sort` decimal(10,0) NOT NULL COMMENT '排序',
  `area_id` varchar(64) COLLATE utf8_bin NOT NULL COMMENT '归属区域',
  `code` varchar(100) COLLATE utf8_bin DEFAULT NULL COMMENT '区域编码',
  `type` char(1) COLLATE utf8_bin NOT NULL COMMENT '机构类型',
  `grade` char(1) COLLATE utf8_bin NOT NULL COMMENT '机构等级',
  `address` varchar(255) COLLATE utf8_bin DEFAULT NULL COMMENT '联系地址',
  `zip_code` varchar(100) COLLATE utf8_bin DEFAULT NULL COMMENT '邮政编码',
  `master` varchar(100) COLLATE utf8_bin DEFAULT NULL COMMENT '负责人',
  `phone` varchar(200) COLLATE utf8_bin DEFAULT NULL COMMENT '电话',
  `fax` varchar(200) COLLATE utf8_bin DEFAULT NULL COMMENT '传真',
  `email` varchar(200) COLLATE utf8_bin DEFAULT NULL COMMENT '邮箱',
  `USEABLE` varchar(64) COLLATE utf8_bin DEFAULT NULL COMMENT '是否启用',
  `PRIMARY_PERSON` varchar(64) COLLATE utf8_bin DEFAULT NULL COMMENT '主负责人',
  `DEPUTY_PERSON` varchar(64) COLLATE utf8_bin DEFAULT NULL COMMENT '副负责人',
  `create_by` varchar(64) COLLATE utf8_bin NOT NULL COMMENT '创建者',
  `create_date` datetime NOT NULL COMMENT '创建时间',
  `update_by` varchar(64) COLLATE utf8_bin NOT NULL COMMENT '更新者',
  `update_date` datetime NOT NULL COMMENT '更新时间',
  `remarks` varchar(255) COLLATE utf8_bin DEFAULT NULL COMMENT '备注信息',
  `del_flag` char(1) COLLATE utf8_bin NOT NULL DEFAULT '0' COMMENT '删除标记',
  PRIMARY KEY (`id`),
  KEY `sys_office_parent_id` (`parent_id`),
  KEY `sys_office_del_flag` (`del_flag`),
  KEY `sys_office_type` (`type`)
) ENGINE=InnoDB DEFAULT CHARSET=utf8 COLLATE=utf8_bin COMMENT='机构表';
/*!40101 SET character_set_client = @saved_cs_client */;

--
-- Dumping data for table `sys_office`
--

LOCK TABLES `sys_office` WRITE;
/*!40000 ALTER TABLE `sys_office` DISABLE KEYS */;
INSERT INTO `sys_office` VALUES (1,0,'0,','Demo Corp',10,'2','BN000','1','1',NULL,NULL,NULL,NULL,NULL,NULL,'1',NULL,NULL,'1','2013-05-27 08:00:00','1','2013-05-27 08:00:00',NULL,'0'),(447909202564747264,1,'0,1,','技术部',30,'4','BN000001','2','1','','','','','','','1',NULL,NULL,'1','2017-11-14 15:26:10','1','2017-11-14 15:26:10','','0');
/*!40000 ALTER TABLE `sys_office` ENABLE KEYS */;
UNLOCK TABLES;

--
-- Table structure for table `sys_role`
--

DROP TABLE IF EXISTS `sys_role`;
/*!40101 SET @saved_cs_client     = @@character_set_client */;
/*!40101 SET character_set_client = utf8 */;
CREATE TABLE `sys_role` (
  `id` bigint(20) NOT NULL,
  `office_id` bigint(20) NOT NULL,
  `name` varchar(100) COLLATE utf8_bin NOT NULL COMMENT '角色名称',
  `enname` varchar(255) COLLATE utf8_bin DEFAULT NULL COMMENT '英文名称',
  `role_type` varchar(255) COLLATE utf8_bin DEFAULT NULL COMMENT '角色类型',
  `data_scope` char(1) COLLATE utf8_bin DEFAULT NULL COMMENT '数据范围',
  `is_sys` varchar(64) COLLATE utf8_bin DEFAULT NULL COMMENT '是否系统数据',
  `useable` varchar(64) COLLATE utf8_bin DEFAULT NULL COMMENT '是否可用',
  `create_by` varchar(64) COLLATE utf8_bin NOT NULL COMMENT '创建者',
  `create_date` datetime NOT NULL COMMENT '创建时间',
  `update_by` varchar(64) COLLATE utf8_bin NOT NULL COMMENT '更新者',
  `update_date` datetime NOT NULL COMMENT '更新时间',
  `remarks` varchar(255) COLLATE utf8_bin DEFAULT NULL COMMENT '备注信息',
  `del_flag` char(1) COLLATE utf8_bin NOT NULL DEFAULT '0' COMMENT '删除标记',
  PRIMARY KEY (`id`),
  KEY `sys_role_del_flag` (`del_flag`),
  KEY `sys_role_enname` (`enname`)
) ENGINE=InnoDB DEFAULT CHARSET=utf8 COLLATE=utf8_bin COMMENT='角色表';
/*!40101 SET character_set_client = @saved_cs_client */;

--
-- Dumping data for table `sys_role`
--

LOCK TABLES `sys_role` WRITE;
/*!40000 ALTER TABLE `sys_role` DISABLE KEYS */;
INSERT INTO `sys_role` VALUES (1,1,'系统管理员','admin','assignment','1','1','1','1','2013-05-27 08:00:00','1','2017-09-25 10:22:56','','0');
/*!40000 ALTER TABLE `sys_role` ENABLE KEYS */;
UNLOCK TABLES;

--
-- Table structure for table `sys_role_menu`
--

DROP TABLE IF EXISTS `sys_role_menu`;
/*!40101 SET @saved_cs_client     = @@character_set_client */;
/*!40101 SET character_set_client = utf8 */;
CREATE TABLE `sys_role_menu` (
  `role_id` bigint(20) NOT NULL,
  `menu_id` bigint(20) NOT NULL,
  PRIMARY KEY (`role_id`,`menu_id`)
) ENGINE=InnoDB DEFAULT CHARSET=utf8 COLLATE=utf8_bin COMMENT='角色-菜单';
/*!40101 SET character_set_client = @saved_cs_client */;

--
-- Dumping data for table `sys_role_menu`
--

LOCK TABLES `sys_role_menu` WRITE;
/*!40000 ALTER TABLE `sys_role_menu` DISABLE KEYS */;
INSERT INTO `sys_role_menu` VALUES (1,1),(1,2),(1,3),(1,4),(1,6),(1,7),(1,8),(1,9),(1,10),(1,11),(1,12),(1,13),(1,14),(1,15),(1,16),(1,17),(1,18),(1,19),(1,20),(1,21),(1,22),(1,60),(1,61),(1,67),(1,68),(1,69),(1,70),(1,79),(1,80),(1,81),(1,82),(1,84),(1,85),(1,88),(1,387807708012613632),(1,397821800639107072),(1,399640261942054912),(1,399641207413673984),(1,407264404367740928),(1,407264798468739072),(1,407264926533423104),(1,407342930047537152),(405495138194821120,1),(405495138194821120,2),(405495138194821120,3),(405495138194821120,4),(405495138194821120,6),(405495138194821120,7),(405495138194821120,8),(405495138194821120,9),(405495138194821120,10),(405495138194821120,11),(405495138194821120,12),(405495138194821120,13),(405495138194821120,14),(405495138194821120,15),(405495138194821120,16),(405495138194821120,17),(405495138194821120,18),(405495138194821120,19),(405495138194821120,20),(405495138194821120,21),(405495138194821120,22),(405495138194821120,67),(405495138194821120,68),(405495138194821120,84),(405495138194821120,387807708012613632),(405495138194821120,399640261942054912),(405495138194821120,399641207413673984),(405497830556307456,1),(405497830556307456,2),(405497830556307456,3),(405497830556307456,4),(405497830556307456,6),(405497830556307456,7),(405497830556307456,8),(405497830556307456,9),(405497830556307456,10),(405497830556307456,11),(405497830556307456,12),(405497830556307456,13),(405497830556307456,14),(405497830556307456,15),(405497830556307456,16),(405497830556307456,17),(405497830556307456,18),(405497830556307456,19),(405497830556307456,20),(405497830556307456,21),(405497830556307456,22),(405497830556307456,67),(405497830556307456,68),(405497830556307456,84),(405497830556307456,387807708012613632),(405497830556307456,399640261942054912),(405497830556307456,399641207413673984),(406934327633383424,1),(406941545279787008,1),(406941545279787008,2),(406941545279787008,3),(406941545279787008,4),(406941545279787008,6),(406941545279787008,7),(406941545279787008,8),(406941545279787008,9),(406941545279787008,10),(406941545279787008,11),(406941545279787008,12),(406941545279787008,13),(406941545279787008,14),(406941545279787008,15),(406941545279787008,16),(406941545279787008,17),(406941545279787008,18),(406941545279787008,19),(406941545279787008,20),(406941545279787008,21),(406941545279787008,22),(406941545279787008,67),(406941545279787008,68),(406941545279787008,84),(406941545279787008,387807708012613632),(406941545279787008,399640261942054912),(406941545279787008,399641207413673984),(406960899782348800,1),(407301408203739136,1),(407301408203739136,2),(407302536446349312,1),(407302536446349312,2),(407305467119800320,1),(407305467119800320,2),(407305467119800320,399640261942054912),(407962352860794880,1),(407973434367152128,1),(409408910932316160,1),(409415929529634816,1),(411964138550464512,1),(413096841022803968,1),(413149979306102784,1),(415635100005306368,1),(415636143984349184,1),(415636988159332352,1),(415637625102143488,1),(415637994435776512,1),(415638838061305856,1),(424988005271343104,1),(425372987902922752,1),(425373543467847680,1),(425376113988997120,1),(425376861392998400,1),(425376861392998400,2),(425377980647215104,1),(425381458031415296,1),(425382103165702144,1),(425382103165702144,2),(425382622542172160,1),(425382998750269440,1),(425383568647131136,1),(425383568647131136,2),(425384150371930112,1),(425384150371930112,2),(425384682134179840,1),(425385088637734912,1),(425385438472048640,1),(425386354587734016,1),(425386550021328896,1),(425386735367622656,1),(436250798649774080,1),(436251669043351552,1),(436257581351047168,1),(436259474831839232,1),(436299773721448448,1),(436300184050208768,1),(436300564842680320,1);
/*!40000 ALTER TABLE `sys_role_menu` ENABLE KEYS */;
UNLOCK TABLES;

--
-- Table structure for table `sys_role_office`
--

DROP TABLE IF EXISTS `sys_role_office`;
/*!40101 SET @saved_cs_client     = @@character_set_client */;
/*!40101 SET character_set_client = utf8 */;
CREATE TABLE `sys_role_office` (
  `role_id` bigint(20) NOT NULL,
  `office_id` bigint(20) NOT NULL,
  PRIMARY KEY (`role_id`,`office_id`)
) ENGINE=InnoDB DEFAULT CHARSET=utf8 COLLATE=utf8_bin COMMENT='角色-机构';
/*!40101 SET character_set_client = @saved_cs_client */;

--
-- Dumping data for table `sys_role_office`
--

LOCK TABLES `sys_role_office` WRITE;
/*!40000 ALTER TABLE `sys_role_office` DISABLE KEYS */;
INSERT INTO `sys_role_office` VALUES (1,1);
/*!40000 ALTER TABLE `sys_role_office` ENABLE KEYS */;
UNLOCK TABLES;

--
-- Table structure for table `sys_user`
--

DROP TABLE IF EXISTS `sys_user`;
/*!40101 SET @saved_cs_client     = @@character_set_client */;
/*!40101 SET character_set_client = utf8 */;
CREATE TABLE `sys_user` (
  `id` bigint(20) NOT NULL,
  `company_id` bigint(20) NOT NULL,
  `office_id` bigint(20) NOT NULL,
  `login_name` varchar(100) COLLATE utf8_bin NOT NULL COMMENT '登录名',
  `password` varchar(100) COLLATE utf8_bin NOT NULL COMMENT '密码',
  `no` varchar(100) COLLATE utf8_bin DEFAULT NULL COMMENT '工号',
  `name` varchar(100) COLLATE utf8_bin NOT NULL COMMENT '姓名',
  `email` varchar(200) COLLATE utf8_bin DEFAULT NULL COMMENT '邮箱',
  `phone` varchar(200) COLLATE utf8_bin DEFAULT NULL COMMENT '电话',
  `mobile` varchar(200) COLLATE utf8_bin DEFAULT NULL COMMENT '手机',
  `user_type` char(1) COLLATE utf8_bin DEFAULT NULL COMMENT '用户类型',
  `photo` varchar(1000) COLLATE utf8_bin DEFAULT NULL COMMENT '用户头像',
  `login_ip` varchar(100) COLLATE utf8_bin DEFAULT NULL COMMENT '最后登陆IP',
  `login_date` datetime DEFAULT NULL COMMENT '最后登陆时间',
  `login_flag` varchar(64) COLLATE utf8_bin DEFAULT NULL COMMENT '是否可登录',
  `create_by` varchar(64) COLLATE utf8_bin NOT NULL COMMENT '创建者',
  `create_date` datetime NOT NULL COMMENT '创建时间',
  `update_by` varchar(64) COLLATE utf8_bin NOT NULL COMMENT '更新者',
  `update_date` datetime NOT NULL COMMENT '更新时间',
  `remarks` varchar(255) COLLATE utf8_bin DEFAULT NULL COMMENT '备注信息',
  `del_flag` char(1) COLLATE utf8_bin NOT NULL DEFAULT '0' COMMENT '删除标记',
  PRIMARY KEY (`id`),
  KEY `sys_user_office_id` (`office_id`),
  KEY `sys_user_login_name` (`login_name`),
  KEY `sys_user_company_id` (`company_id`),
  KEY `sys_user_update_date` (`update_date`),
  KEY `sys_user_del_flag` (`del_flag`)
) ENGINE=InnoDB DEFAULT CHARSET=utf8 COLLATE=utf8_bin COMMENT='用户表';
/*!40101 SET character_set_client = @saved_cs_client */;

--
-- Dumping data for table `sys_user`
--

LOCK TABLES `sys_user` WRITE;
/*!40000 ALTER TABLE `sys_user` DISABLE KEYS */;
INSERT INTO `sys_user` VALUES (1,1,447909202564747264,'admin','02a3f0772fcca9f415adc990734b45c6f059c7d33ee28362c4852032','0001','系统管理员','dev@demo.com','13810959832','13810959832','',NULL,'127.0.0.1','2017-11-14 15:38:18','1','1','2013-05-27 08:00:00','1','2017-11-14 15:28:33','最高管理员','0');
/*!40000 ALTER TABLE `sys_user` ENABLE KEYS */;
UNLOCK TABLES;

--
-- Table structure for table `sys_user_role`
--

DROP TABLE IF EXISTS `sys_user_role`;
/*!40101 SET @saved_cs_client     = @@character_set_client */;
/*!40101 SET character_set_client = utf8 */;
CREATE TABLE `sys_user_role` (
  `user_id` bigint(20) NOT NULL,
  `role_id` bigint(20) NOT NULL,
  PRIMARY KEY (`user_id`,`role_id`)
) ENGINE=InnoDB DEFAULT CHARSET=utf8 COLLATE=utf8_bin COMMENT='用户-角色';
/*!40101 SET character_set_client = @saved_cs_client */;

--
-- Dumping data for table `sys_user_role`
--

LOCK TABLES `sys_user_role` WRITE;
/*!40000 ALTER TABLE `sys_user_role` DISABLE KEYS */;
INSERT INTO `sys_user_role` VALUES (1,1),(2,407962352860794880),(3,409415929529634816),(405455110076895232,406941545279787008),(405455110076895232,407973434367152128),(406934953285128192,406941545279787008),(406948871999066112,406934327633383424),(406961195652747264,406960899782348800),(407247543404072960,406960899782348800),(407302739907842048,407302536446349312),(407306346598240256,407305467119800320),(407956972747362304,1),(407962712736272384,407962352860794880),(409409193313832960,409408910932316160),(409416087566815232,409415929529634816),(409479079524306944,409408910932316160),(411964406608433152,411964138550464512),(413097019410747392,407973434367152128),(414566236081360896,409408910932316160),(414566236081360896,411964138550464512),(414574227132256256,406934327633383424),(414574227132256256,409415929529634816),(415639980807819264,425384682134179840),(415640452864151552,425384682134179840),(415641104294088704,425385088637734912),(415641346288652288,425385088637734912),(415641709666373632,425385088637734912),(415642030715179008,425385088637734912),(415642440091832320,425383568647131136),(415642667993534464,425384150371930112),(415642951163580416,425376113988997120),(415647326825091072,425381458031415296),(415647865352753152,425373543467847680),(415648217531682816,425372987902922752),(415648217531682816,436300564842680320),(415928512856199168,425381458031415296),(415928741949083648,425381458031415296),(415928989039726592,425381458031415296),(424988849257582592,424988005271343104),(424994523404308480,1),(424995833717460992,409415929529634816),(424996279739748352,409415929529634816),(425410571676946432,425386550021328896),(436252595279892480,436250798649774080),(436254393956831232,436251669043351552),(436255605473153024,436251669043351552),(436259790574850048,436257581351047168),(436260381074132992,436259474831839232),(436301683878793216,436299773721448448),(436302062884491264,436300184050208768),(438428020051546112,425382998750269440);
/*!40000 ALTER TABLE `sys_user_role` ENABLE KEYS */;
UNLOCK TABLES;
/*!40103 SET TIME_ZONE=@OLD_TIME_ZONE */;

/*!40101 SET SQL_MODE=@OLD_SQL_MODE */;
/*!40014 SET FOREIGN_KEY_CHECKS=@OLD_FOREIGN_KEY_CHECKS */;
/*!40014 SET UNIQUE_CHECKS=@OLD_UNIQUE_CHECKS */;
/*!40101 SET CHARACTER_SET_CLIENT=@OLD_CHARACTER_SET_CLIENT */;
/*!40101 SET CHARACTER_SET_RESULTS=@OLD_CHARACTER_SET_RESULTS */;
/*!40101 SET COLLATION_CONNECTION=@OLD_COLLATION_CONNECTION */;
/*!40111 SET SQL_NOTES=@OLD_SQL_NOTES */;

-- Dump completed on 2017-11-14 15:40:48
